route_id,route_short_name,route_long_name,coverage_pct_min,length_km_mean,weekday_trips,peak_headway_min,offpeak_headway_min,scheduled_speed_kmh,n_directions,dominant_station_id,is_circular_gtfs,length_norm,coverage_norm,freq_norm,score,exclusion_reason
2202-10,2202-10,Jd. Das Oliveiras - Cptm Guaianases,1.0,10.545,664,2.75,4.75,9.165,2,355030810A,False,1.0,1.0,0.9992360580595875,0.9997708174178763,
3064-10,3064-10,Cid. Tiradentes - Cptm Guaianases,1.0,10.27,430,5.0,6.0,9.625,2,355030802A,False,1.0,1.0,0.9873949579831933,0.996218487394958,
1705-10,1705-10,Jd. São João - Metrô Tucuruvi,1.0,8.335,384,5.75,6.5,7.42,2,355030813A,False,1.0,1.0,0.9774637127578304,0.9932391138273491,
3026-10,3026-10,Vl. Iolanda Ii - Cptm Guaianases,1.0,10.035,358,5.75,8.5,9.135000000000002,2,355030806A,False,1.0,1.0,0.9679144385026738,0.990374331550802,
746P-10,746P-10,Paraisópolis - Sto. Amaro,1.0,9.68,325,6.25,7.0,7.975,2,355030894A,False,1.0,1.0,0.9533995416348358,0.9860198624904506,
1709-10,1709-10,Jd. Joana D'arc - Metrô Tucuruvi,0.9777777777777777,8.795000000000002,337,5.75,7.0,8.425,2,355030813A,False,1.0,0.9777777777777777,0.9618029029793735,0.9774297597827009,
1702-10,1702-10,Jova Rural - Tietê,1.0,15.540000000000001,288,6.5,8.0,9.39,2,355030813A,False,1.0,1.0,0.9239877769289534,0.9771963330786859,
4734-10,4734-10,Vl. Moraes - Metrô Saúde,0.9512195121951219,8.54,478,4.25,5.0,10.004999999999999,2,355030856A,False,1.0,0.9512195121951219,0.9954163483575248,0.9742346606048184,
9032-10,9032-10,Jd. Damasceno - Term. Cachoeirinha,1.0,10.08,266,7.25,10.0,10.015,2,355030817A,False,1.0,1.0,0.9014514896867838,0.970435446906035,
9784-10,9784-10,Jd. Dos Francos - Metrô Barra Funda,0.9705882352941176,13.190000000000001,300,6.5,9.5,9.575,2,355030872A,False,1.0,0.9705882352941176,0.9388846447669977,0.966959511077158,
736I-10,736I-10,Jd. Ingá - Sto. Amaro,1.0,9.14,240,8.0,12.25,7.32,2,355030814A,False,1.0,1.0,0.8621084797555386,0.9586325439266616,
9005-10,9005-10,Jd. Princesa - Term. Cachoeirinha,1.0,6.4399999999999995,435,4.0,6.0,10.445,2,355030817A,False,0.8049999999999999,1.0,0.988540870893812,0.9575622612681436,
3025-10,3025-10,Sítio Conceição - Cptm Guaianases,1.0,10.620000000000001,234,8.75,12.0,11.67,2,355030802A,False,1.0,1.0,0.8563789152024446,0.9569136745607334,
7055-10,7055-10,Jd. Guarujá - Term. Campo Limpo,0.9911504424778761,11.48,233,8.0,12.0,9.02,2,355030863A,False,1.0,0.9911504424778761,0.854087089381207,0.9518013480533001,
2025-10,2025-10,Vl. Nova Galvão - Santana,1.0,10.61,219,10.5,11.0,9.2,2,355030813A,False,1.0,1.0,0.8300229182582124,0.9490068754774637,
746H-10,746H-10,Jd. Jaqueline - Sto. Amaro,0.9512195121951219,16.55,274,6.0,11.0,9.83,2,355030846A,False,1.0,0.9512195121951219,0.9090909090909091,0.9483370288248336,
4018-10,4018-10,Metalúrgicos - Term. São Mateus,0.9212598425196851,13.085,326,6.25,9.0,9.785,2,355030820A,False,1.0,0.9212598425196851,0.9549274255156608,0.9471081489145408,
3002-10,3002-10,Jd. Mabel - São Miguel,1.0,11.02,210,9.5,15.0,11.14,2,355030810A,False,1.0,1.0,0.8177998472116119,0.9453399541634835,
971X-10,971X-10,Term. Cachoeirinha - Metrô Santana,0.9012345679012346,8.695,363,5.75,5.75,8.76,2,355030811A,False,1.0,0.9012345679012346,0.9698242933537051,0.9415645719567287,
6041-10,6041-10,Jd. Jangadeiro - Sto. Amaro,0.9770992366412213,13.0,223,9.5,11.5,7.305,2,355030863A,False,1.0,0.9770992366412213,0.8372803666921314,0.9397337283282501,
1772-10,1772-10,Recanto Verde - Metrô Tucuruvi,0.9186046511627907,8.57,288,7.75,8.0,6.575,2,355030813A,False,1.0,0.9186046511627907,0.9239877769289534,0.9364986586600814,
4017-10,4017-10,Metalúrgicos - Vl. Yolanda,1.0,10.795,196,11.0,14.25,9.325,2,355030820A,False,1.0,1.0,0.7868601986249045,0.9360580595874712,
3754-10,3754-10,Inácio Monteiro - Metrô Itaquera,0.9097222222222222,14.14,295,6.25,10.0,10.36,2,355030868A,False,1.0,0.9097222222222222,0.93048128342246,0.934005496137849,
576C-10,576C-10,Metrô Jabaquara - Term. Sto. Amaro,0.9941520467836257,17.115,189,11.0,13.5,9.379999999999999,2,355030865A,False,1.0,0.9941520467836257,0.7754010695187166,0.9296963442474278,
1780-10,1780-10,Jd. Hebron - Metrô Parada Inglesa,1.0,6.695,244,7.0,12.0,7.885,2,355030813A,False,0.836875,1.0,0.8708938120702827,0.9286431436210849,
807A-10,807A-10,Term. Campo Limpo - Term. Sto. Amaro,1.0,11.205,182,12.0,12.75,8.82,2,355030814A,False,1.0,1.0,0.7608861726508785,0.9282658517952636,
2014-10,2014-10,Jd. Pery Alto - Metrô Barra Funda,0.8896103896103896,15.745000000000001,304,6.5,9.5,9.120000000000001,2,355030860A,False,1.0,0.8896103896103896,0.9404125286478228,0.9269289533995415,cobertura_baixa_88.96%
6044-10,6044-10,Jd. D. José - Term. Sto. Amaro,0.9806451612903225,15.01,188,12.0,15.0,8.035,2,355030814A,False,1.0,0.9806451612903225,0.7723453017570665,0.9220261711722813,
2016-10,2016-10,Jd. Das Oliveiras - São Miguel,0.968421052631579,9.350000000000001,197,10.0,12.0,11.07,2,355030881A,False,1.0,0.968421052631579,0.7906799083269671,0.9214144988138795,
5022-10,5022-10,Vl. Sta. Margarida - Jabaquara,1.0,5.115,366,4.75,6.0,8.61,2,355030828A,False,0.639375,1.0,0.9717341482047365,0.9193952444614208,
2004-10,2004-10,Jd. Nsa. Sra. Do Caminho - Cptm Guaianases,1.0,5.35,323,5.75,11.0,6.765000000000001,2,355030884A,False,0.66875,1.0,0.9518716577540107,0.9193114973262033,
2007-10,2007-10,Cid. Kemel Ii - Cptm Itaim Paulista,0.9,7.5649999999999995,293,6.0,10.0,11.215,2,355030810A,False,0.9456249999999999,0.9,0.9285714285714286,0.9176964285714286,
3768-10,3768-10,Vl. Yolanda - Cptm José Bonifácio,1.0,11.96,172,12.0,18.75,9.23,2,355030806A,False,1.0,1.0,0.7226890756302521,0.9168067226890757,
1764-10,1764-10,Jd. Corisco - Metrô Santana,0.9927536231884058,13.995000000000001,175,12.75,13.5,9.695,2,355030879A,False,1.0,0.9927536231884058,0.7330022918258212,0.9162774991419493,
5035-10,5035-10,Vl. Arapuá - Term. Sacomã,0.9285714285714286,8.875,220,8.5,12.0,11.05,2,355030803A,False,1.0,0.9285714285714286,0.8315508021390374,0.9137509549274254,
2707-10,2707-10,Chabilândia - Metrô Itaquera,0.8412698412698413,12.440000000000001,356,6.0,7.0,9.58,2,355030868A,False,1.0,0.8412698412698413,0.9671504965622613,0.910780069603599,cobertura_baixa_84.13%
4024-10,4024-10,Cohab Fazenda Do Carmo - E.t. Itaquera,1.0,8.925,166,11.0,16.25,9.78,2,355030801B,False,1.0,1.0,0.7020626432391138,0.9106187929717342,
5110-10,5110-10,Term. São Mateus - Term. Mercado,0.8349056603773585,20.799999999999997,374,4.25,6.75,16.145,2,355030869A,False,1.0,0.8349056603773585,0.974025974025974,0.9096606223964714,cobertura_baixa_83.49%
6048-10,6048-10,Capão Redondo - Sto. Amaro,0.9711538461538461,10.719999999999999,179,12.75,12.0,9.035,2,355030814A,False,1.0,0.9711538461538461,0.7467532467532467,0.9096028971028971,
2766-10,2766-10,Jd. Camargo Velho - Metrô Itaquera,0.9329608938547486,17.22,205,12.0,12.75,9.885,2,355030868A,False,1.0,0.9329608938547486,0.807868601986249,0.908841027523249,
3732-10,3732-10,Cptm José Bonifácio - Metrô Itaquera,0.851063829787234,9.065,310,6.0,10.0,12.225,2,355030801B,False,1.0,0.851063829787234,0.9427043544690603,0.9083432212343352,cobertura_baixa_85.11%
3738-10,3738-10,Cohab Juscelino - Metrô Itaquera,0.9054054054054054,13.879999999999999,232,8.75,12.0,11.035,2,355030802A,False,1.0,0.9054054054054054,0.8514132925897632,0.9081266904796317,
9004-10,9004-10,Jd. Elisa Maria - Term. Cachoeirinha,1.0,4.36,534,3.0,6.0,9.375,2,355030872A,False,0.545,1.0,0.9969442322383499,0.9080832696715049,
3751-10,3751-10,Cohab Prestes Maia - Metrô Itaquera,0.9060402684563759,13.86,228,9.5,12.0,11.57,2,355030802A,False,1.0,0.9060402684563759,0.8449197860962567,0.906496070057065,
4011-10,4011-10,Jd. Limoeiro - Term. São Mateus,0.8888888888888888,9.594999999999999,245,8.0,12.75,9.365,2,355030880A,False,1.0,0.8888888888888888,0.872803666921314,0.9062855445208386,cobertura_baixa_88.89%
9191-10,9191-10,Jd. Elisa Maria - Bom Retiro,0.8624338624338624,18.995,278,6.5,10.0,10.455,2,355030860A,False,1.0,0.8624338624338624,0.9140565317035906,0.9054338907280084,cobertura_baixa_86.24%
273X-10,273X-10,Jd. Das Oliveiras - Metrô Artur Alvim,0.8793969849246231,19.335,253,9.5,10.0,11.21,2,355030881A,False,1.0,0.8793969849246231,0.8831168831168831,0.9046335573973765,cobertura_baixa_87.94%
3766-10,3766-10,Cohab Ii - Metrô Itaquera,0.875,9.575,257,7.25,12.0,10.93,2,355030801B,False,1.0,0.875,0.8903743315508021,0.9046122994652406,cobertura_baixa_87.50%
5038-10,5038-10,Pq. Bristol - Term. Sacomã,0.9117647058823529,10.205,214,8.25,15.0,9.045,2,355030856A,False,1.0,0.9117647058823529,0.8254392666157372,0.9035141329258976,
1788-10,1788-10,Jd. Fontális - Metrô Santana,0.9626865671641791,13.325,177,14.25,12.75,8.705,2,355030813A,False,1.0,0.9626865671641791,0.7387318563789153,0.9029628404957641,
4093-10,4093-10,Cid. Tiradentes - Term. Cid. Tiradentes,1.0,4.425,363,6.0,8.0,9.195,2,355030820A,False,0.553125,1.0,0.9698242933537051,0.9015722880061114,
4732-31,4732-31,Vl. Liviero - Metrô Saúde,0.951048951048951,13.77,179,9.5,16.25,10.844999999999999,2,355030856A,False,1.0,0.951048951048951,0.7467532467532467,0.8995504495504496,
707K-10,707K-10,Term. Guarapiranga - Metrô Jabaquara,0.8918918918918919,14.645,228,9.25,12.25,9.45,2,355030820B,False,1.0,0.8918918918918919,0.8449197860962567,0.899421881774823,cobertura_baixa_89.19%
2733-10,2733-10,Pq. Guarani - Metrô Itaquera,0.8539325842696629,8.11,270,6.5,11.5,11.524999999999999,2,355030818A,False,1.0,0.8539325842696629,0.9064171122994652,0.898891425824671,cobertura_baixa_85.39%
364A-10,364A-10,Hosp. Ipiranga - Shop. Aricanduva,0.9016393442622951,23.285,214,11.0,12.0,11.195,2,355030816A,False,1.0,0.9016393442622951,0.8254392666157372,0.8984514521158686,
737A-10,737A-10,Term. Jd. âNgela - Term. Sto. Amaro,0.8118811881188119,9.84,361,5.0,7.25,10.42,2,355030863A,False,1.0,0.8118811881188119,0.9686783804430863,0.8965441081923318,cobertura_baixa_81.19%
128Y-10,128Y-10,Jd. Pery Alto - Lapa,0.9130434782608695,15.625,202,10.5,11.0,10.844999999999999,2,355030872A,False,1.0,0.9130434782608695,0.7998472116119175,0.8964759026140099,
1738-10,1738-10,Vl. Constança - Metrô Santana,0.9803921568627451,10.370000000000001,162,11.0,15.0,10.135,2,355030879A,False,1.0,0.9803921568627451,0.6875477463712758,0.8964604023427554,
5031-10,5031-10,Vl. Arapuá - Term. Sacomã,0.8947368421052632,5.885,693,3.0,4.0,7.865,2,355030803A,False,0.735625,0.8947368421052632,1.0,0.8944934210526316,cobertura_baixa_89.47%
4051-10,4051-10,Jd. São Paulo - Cptm Guaianases,1.0,5.625,228,7.5,15.0,9.649999999999999,2,355030884A,False,0.703125,1.0,0.8449197860962567,0.894100935828877,
9500-10,9500-10,Term. Cachoeirinha - Pça. Do Correio,0.923728813559322,11.76,185,11.0,14.25,10.26,2,355030860A,False,1.0,0.923728813559322,0.7685255920550038,0.8924220843961621,
2008-10,2008-10,Jd. Nsa. Sra. Do Caminho - Cptm Itaim Paulista,1.0,3.91,392,5.0,6.0,8.165,2,355030810A,False,0.48875,1.0,0.9801375095492743,0.8917912528647822,
1771-10,1771-10,Jd. Fontális - Metrô Santana,1.0,12.57,146,17.5,16.25,7.66,2,355030813A,False,1.0,1.0,0.6390374331550802,0.891711229946524,headway_pico_alto_17.5min
5123-10,5123-10,Jd. Miriam - Hosp. São Paulo,0.855072463768116,13.825,251,8.0,10.0,8.565000000000001,2,355030828A,False,1.0,0.855072463768116,0.8781512605042017,0.8909816100353185,cobertura_baixa_85.51%
1726-10,1726-10,Cem. Pq. Dos Pinheiros - Metrô Santana,0.8444444444444444,13.31,262,9.0,8.5,9.08,2,355030813A,False,1.0,0.8444444444444444,0.8957219251336899,0.8909387997623293,cobertura_baixa_84.44%
2730-10,2730-10,Vl. Jacui - Metrô Artur Alvim,0.8041237113402062,9.675,342,6.0,7.75,11.395,2,355030818A,False,1.0,0.8041237113402062,0.9625668449197861,0.8908319091460388,cobertura_baixa_80.41%
118Y-10,118Y-10,Lauzane Paulista - Lapa,0.891156462585034,14.99,206,9.5,12.0,10.35,2,355030872A,False,1.0,0.891156462585034,0.8105423987776929,0.8887409509258248,cobertura_baixa_89.12%
2002-10,2002-10,Term. Pq. D. Pedro Ii - Term. Bandeira,1.0,8.96,144,7.5,8.0,7.07,1,355030833A,True,1.0,1.0,0.6287242169595111,0.8886172650878532,
2029-10,2029-10,Jd. Fontális - Metrô Tucuruvi,1.0,8.465,144,15.0,16.25,7.050000000000001,2,355030813A,False,1.0,1.0,0.6287242169595111,0.8886172650878532,
4056-10,4056-10,Pq. Boa Esperança - Term. São Mateus,1.0,8.365,144,14.25,20.0,9.84,2,355030864A,False,1.0,1.0,0.6287242169595111,0.8886172650878532,
2021-10,2021-10,Jd. Bandeirantes - Cptm Guaianases,1.0,4.555,278,6.0,12.0,7.629999999999999,2,355030884A,False,0.569375,1.0,0.9140565317035906,0.8880919595110772,
312N-10,312N-10,Term. Cid. Tiradentes - São Miguel Paulista,0.9186046511627907,25.475,182,13.5,13.5,10.41,2,355030802A,False,1.0,0.9186046511627907,0.7608861726508785,0.8875681773766588,
7006-51,7006-51,Jd. Horizonte Azul - Metrô Capão Redondo,0.8503937007874016,12.265,243,8.5,12.0,9.435,2,355030858A,False,1.0,0.8503937007874016,0.868601986249045,0.8857774462684143,cobertura_baixa_85.04%
4003-10,4003-10,Inácio Monteiro - E.t. Itaquera,1.0,11.48,142,16.25,20.0,11.235,2,355030802A,False,1.0,1.0,0.6168831168831169,0.8850649350649351,headway_pico_alto_16.2min
6043-10,6043-10,Jd. Capelinha - Term. Sto. Amaro,1.0,9.735,142,14.25,18.75,8.925,2,355030814A,False,1.0,1.0,0.6168831168831169,0.8850649350649351,
7063-10,7063-10,Jd. Macedônia - Term. Campo Limpo,1.0,5.265000000000001,225,8.0,12.0,8.370000000000001,2,355030895A,False,0.6581250000000001,1.0,0.8418640183346066,0.884184205500382,
9501-10,9501-10,Term. Cachoeirinha - Lgo. Do Paissandu,0.7936507936507936,12.42,328,5.5,8.25,12.635,2,355030860A,False,1.0,0.7936507936507936,0.9568372803666921,0.8838765809354043,cobertura_baixa_79.37%
374V-10,374V-10,Jd. Santana - Metrô Itaquera,0.8414634146341463,7.675,266,7.5,12.0,11.36,2,355030818A,False,0.959375,0.8414634146341463,0.9014514896867838,0.8830421542231083,cobertura_baixa_84.15%
527R-10,527R-10,Vl. Império - Term. Sto. Amaro,0.9652777777777778,14.035,152,14.75,15.0,9.155000000000001,2,355030865A,False,1.0,0.9652777777777778,0.6569900687547746,0.8797359095153212,
5032-10,5032-10,Vl. Arapuá - Term. Sacomã,0.8070175438596491,11.51,282,6.5,10.0,9.530000000000001,2,355030803A,False,1.0,0.8070175438596491,0.9197860962566845,0.87944460080683,cobertura_baixa_80.70%
2723-10,2723-10,União De Vl. Nova - Metrô Itaquera,0.8297872340425532,13.61,251,8.0,12.0,10.75,2,355030848A,False,1.0,0.8297872340425532,0.8781512605042017,0.8783389951725371,cobertura_baixa_82.98%
175T-10,175T-10,Metrô Santana - Metrô Jabaquara,0.7890625,24.04,311,7.5,8.0,12.275,2,355030808A,False,1.0,0.7890625,0.9438502673796791,0.8776863302139037,cobertura_baixa_78.91%
5010-10,5010-10,Jabaquara - Sto. Amaro,0.9177215189873418,15.875,174,11.75,15.0,9.985,2,355030820B,False,1.0,0.9177215189873418,0.7288006111535523,0.8775009428397367,
4030-10,4030-10,Fazenda Da Juta - Shop. Aricanduva,0.9451219512195121,16.365000000000002,160,12.75,15.0,11.440000000000001,2,355030816A,False,1.0,0.9451219512195121,0.6822001527883881,0.8772210214462726,
3008-10,3008-10,Jd. Miriam - Cptm Itaim Paulista,1.0,4.42,256,7.0,12.0,8.705,2,355030810A,False,0.5525,1.0,0.8884644766997708,0.8770393430099312,
5029-10,5029-10,Jd. Patente - Term. Sacomã,0.8985507246376812,6.385,259,6.5,10.0,9.985,2,355030803A,False,0.798125,0.8985507246376812,0.8922841864018335,0.8765856182393906,cobertura_baixa_89.86%
6726-10,6726-10,Term. Grajaú - Jd. Gaivotas   ,0.7741935483870968,9.28,331,6.0,10.0,9.76,2,355030838A,False,1.0,0.7741935483870968,0.9587471352177235,0.8747209147588655,cobertura_baixa_77.42%
1701-21,1701-21,Jova Rural - Metrô Tucuruvi,1.0,6.46,168,9.0,12.0,9.93,2,355030813A,False,0.8075,1.0,0.7100840336134454,0.8745252100840336,
6049-10,6049-10,Valo Velho - Sto. Amaro,0.9698795180722891,16.47,144,15.5,15.0,9.129999999999999,2,355030889A,False,1.0,0.9698795180722891,0.6287242169595111,0.8735570241239978,headway_pico_alto_15.5min
524M-10,524M-10,Mascarenhas De Morais - Shop. Aricanduva,0.7851239669421488,12.545,298,7.0,9.5,10.315,2,355030816A,False,1.0,0.7851239669421488,0.9362108479755539,0.8734252378637406,cobertura_baixa_78.51%
6045-10,6045-10,Valo Velho - Sto. Amaro,0.9824561403508771,17.06,138,16.25,17.5,8.045,2,355030889A,False,1.0,0.9824561403508771,0.6046600458365164,0.8726260839263935,headway_pico_alto_16.2min
2721-10,2721-10,Jd. Nazaré - Metrô Itaquera,0.8253968253968254,18.700000000000003,239,7.75,12.0,10.945,2,355030881A,False,1.0,0.8253968253968254,0.8601986249045073,0.8707580001697648,cobertura_baixa_82.54%
5013-10,5013-10,Jd. Luso - Sto. Amaro,0.803921568627451,15.2,260,8.25,11.5,9.325,2,355030865A,False,1.0,0.803921568627451,0.8938120702826585,0.870104405398523,cobertura_baixa_80.39%
3051-10,3051-10,Ermelino Matarazzo - Term. A. E. Carvalho,1.0,6.6,160,15.0,15.0,11.52,2,355030876A,False,0.825,1.0,0.6822001527883881,0.8696600458365165,
148P-10,148P-10,Pedra Branca - Metrô Barra Funda,0.8571428571428571,17.369999999999997,203,10.5,12.75,9.395,2,355030860A,False,1.0,0.8571428571428571,0.8025210084033614,0.869327731092437,cobertura_baixa_85.71%
5752-10,5752-10,Vl. Missionária - Metrô Conceição,0.7647058823529411,9.71,327,5.75,7.5,8.040000000000001,2,355030865A,False,1.0,0.7647058823529411,0.9556913674560733,0.8690603514132926,cobertura_baixa_76.47%
6836-10,6836-10,Capão Redondo - Term. João Dias,0.9787234042553191,9.47,136,18.75,16.25,8.5,2,355030814A,False,1.0,0.9787234042553191,0.5935828877005348,0.86743656843782,headway_pico_alto_18.8min
5105-10,5105-10,Term. Sacomã - Term. Mercado,0.7407407407407407,8.0,440,4.0,5.5,22.34,2,355030871A,False,1.0,0.7407407407407407,0.9900687547746372,0.8673909968027615,cobertura_baixa_74.07%
746C-10,746C-10,Jd. Taboão - Sto. Amaro,0.7704918032786885,11.265,298,6.75,9.0,8.495,2,355030894A,False,1.0,0.7704918032786885,0.9362108479755539,0.8661091560320104,cobertura_baixa_77.05%
6825-10,6825-10,Valo Velho - Term. Capelinha,0.8289473684210527,7.59,245,8.25,11.0,9.735,2,355030863A,False,0.94875,0.8289473684210527,0.872803666921314,0.8660647842869205,cobertura_baixa_82.89%
6013-10,6013-10,Jd. Nakamura - Term. Sto. Amaro,0.8642857142857143,14.01,191,12.75,15.0,9.705,2,355030809A,False,1.0,0.8642857142857143,0.7780748663101604,0.8655653170359052,cobertura_baixa_86.43%
4716-10,4716-10,Metrô Tamanduateí - Metrô Sta. Cruz,0.8968253968253969,12.465,171,12.0,15.0,10.785,2,355030832A,False,1.0,0.8968253968253969,0.7203972498090145,0.8645318733554028,cobertura_baixa_89.68%
2079-10,2079-10,Jd. Nélia - Cptm Itaim Paulista,1.0,9.9,122,10.0,10.0,10.42,1,355030810A,True,1.0,1.0,0.5439266615737204,0.8631779984721162,
3063-1,3063-1,Guaianases - Term. São Mateus,0.9421965317919075,17.375,146,18.75,18.75,9.985,2,355030884A,False,1.0,0.9421965317919075,0.6390374331550802,0.8628094958424779,headway_pico_alto_18.8min
9300-10,9300-10,Term. Casa Verde - Term. Pq. D. Pedro Ii,0.9722222222222222,11.32,134,15.0,20.0,10.045,2,355030860A,False,1.0,0.9722222222222222,0.5851795263559969,0.8616649690179101,
7017-10,7017-10,Jd. Guarujá - Term. Guarapiranga,0.8080808080808081,10.125,235,8.5,12.0,9.285,2,355030863A,False,1.0,0.8080808080808081,0.8582887700534759,0.8615270350564468,cobertura_baixa_80.81%
6036-10,6036-10,Jd. Macedônia - Term. Capelinha,0.8208955223880597,6.82,297,7.0,10.0,7.88,2,355030895A,False,0.8525,0.8208955223880597,0.9343009931245225,0.8612380591313866,cobertura_baixa_82.09%
1741-10,1741-10,Vl. Dionisia - Metrô Santana,0.8481012658227848,8.555,196,10.0,14.25,7.76,2,355030872A,False,1.0,0.8481012658227848,0.7868601986249045,0.8601086924988637,cobertura_baixa_84.81%
6047-10,6047-10,Jd. Lídia - Sto. Amaro,1.0,10.46,119,16.25,20.0,8.385,2,355030809A,False,1.0,1.0,0.5301757066462949,0.8590527119938884,headway_pico_alto_16.2min
3006-10,3006-10,Jd. Fanganielo - Cptm Guaianases,1.0,3.27,288,6.75,12.0,7.51,2,355030884A,False,0.40875,1.0,0.9239877769289534,0.858946333078686,
3756-10,3756-10,Barro Branco - Metrô Itaquera ,0.8040540540540541,14.184999999999999,234,8.0,15.0,8.765,2,355030802A,False,1.0,0.8040540540540541,0.8563789152024446,0.8589407015877604,cobertura_baixa_80.41%
4031-10,4031-10,Pq. Sta. Madalena - Metrô Tamanduateí,0.8456375838926175,15.35,196,10.0,12.75,10.649999999999999,2,355030869A,False,1.0,0.8456375838926175,0.7868601986249045,0.8588768515337801,cobertura_baixa_84.56%
179X-10,179X-10,Jd. Fontális - Metrô Barra Funda,0.9166666666666666,24.125,155,13.5,20.0,9.184999999999999,2,355030813A,False,1.0,0.9166666666666666,0.6684491978609626,0.8588680926916221,
971A-10,971A-10,Jd. Primavera - Shop. D,0.9197080291970803,13.59,153,14.25,16.25,9.24,2,355030860A,False,1.0,0.9197080291970803,0.6615737203972498,0.858326130717715,
7049-10,7049-10,Pq. Do Lago - Term. Campo Limpo,0.8540145985401459,13.07,187,11.25,15.0,10.01,2,355030863A,False,1.0,0.8540145985401459,0.7704354469060352,0.8581379333418835,cobertura_baixa_85.40%
8030-10,8030-10,Paraisópolis - Term. Vl. Sônia,0.9897959183673469,11.84,122,16.25,20.0,10.605,2,355030894A,False,1.0,0.9897959183673469,0.5439266615737204,0.8580759576557895,headway_pico_alto_16.2min
3001-10,3001-10,Itaim Paulista - Term. São Miguel,1.0,8.655000000000001,118,20.0,20.0,10.8,2,355030881A,False,1.0,1.0,0.5252100840336135,0.8575630252100841,headway_pico_alto_20.0min
5034-10,5034-10,Vl. Liviero - Term. Sacomã,0.9,10.675,163,12.25,17.5,10.805,2,355030856A,False,1.0,0.9,0.6909854851031322,0.8572956455309397,
1765-10,1765-10,Jd. Cabuçu - Metrô Tucuruvi,0.9479166666666666,9.055,140,13.5,20.0,9.2,2,355030813A,False,1.0,0.9479166666666666,0.6088617265087853,0.8566168512859689,
1783-10,1783-10,Cachoeira - Metrô Santana,0.8607594936708861,15.665,180,12.75,12.0,11.815,2,355030827B,False,1.0,0.8607594936708861,0.7532467532467533,0.856353772809469,cobertura_baixa_86.08%
6042-10,6042-10,Jd. Três Estrelas - Sto. Amaro,0.9754098360655737,12.125,128,16.25,20.0,7.050000000000001,2,355030863A,False,1.0,0.9754098360655737,0.5599694423223835,0.855695750729502,headway_pico_alto_16.2min
748R-10,748R-10,Jd. João Xxiii - Metrô Barra Funda,0.9176954732510288,24.31,150,15.0,15.0,11.235,2,355030801A,False,1.0,0.9176954732510288,0.6516424751718869,0.8543404791770806,
3063-10,3063-10,Guaianases - Term. São Mateus,0.9421965317919075,17.375,141,17.5,17.5,9.48,2,355030884A,False,1.0,0.9421965317919075,0.6107715813598167,0.8543297403038987,headway_pico_alto_17.5min
2702-10,2702-10,Vl. Americana - Metrô Artur Alvim,0.8152173913043478,9.405000000000001,210,8.0,12.75,10.745,2,355030876A,False,1.0,0.8152173913043478,0.8177998472116119,0.8529486498156575,cobertura_baixa_81.52%
2722-10,2722-10,Jd. Veronia - Metrô Guilhermina/esperança,0.7333333333333333,10.74,319,6.0,7.5,13.705,2,355030886A,False,1.0,0.7333333333333333,0.9503437738731857,0.8517697988286224,cobertura_baixa_73.33%
978A-10,978A-10,Term. Cachoeirinha - Metrô Barra Funda,0.7241379310344828,8.615,350,5.0,6.0,12.0,2,355030878A,False,1.0,0.7241379310344828,0.9656226126814362,0.8517557493216723,cobertura_baixa_72.41%
5108-10,5108-10,Jd. Celeste - Term. Pq. D. Pedro Ii,0.8285714285714286,17.405,197,12.25,11.5,10.295,2,355030871A,False,1.0,0.8285714285714286,0.7906799083269671,0.8514896867838044,cobertura_baixa_82.86%
2705-10,2705-10,Jd. Fanganielo - Metrô Itaquera,0.8805970149253731,13.105,166,12.0,17.5,10.435,2,355030884A,False,1.0,0.8805970149253731,0.7020626432391138,0.8509173004344206,cobertura_baixa_88.06%
6078-10,6078-10,Cantinho Do Céu - Shop. Interlagos,0.7967032967032966,18.134999999999998,221,9.5,10.0,11.600000000000001,2,355030865A,False,1.0,0.7967032967032966,0.8334606569900688,0.8483898454486689,cobertura_baixa_79.67%
118C-10,118C-10,Jd. Pery Alto - Term. Amaral Gurgel,0.8118279569892473,18.57,204,12.75,12.75,8.645,2,355030811A,False,1.0,0.8118279569892473,0.8048128342245989,0.8473578287620034,cobertura_baixa_81.18%
2734-10,2734-10,Jd. Campos - Metrô Itaquera,0.7130434782608696,11.18,355,6.0,7.0,10.7,2,355030868A,False,1.0,0.7130434782608696,0.9663865546218487,0.8464377055169894,cobertura_baixa_71.30%
971D-10,971D-10,Jd. Damasceno - Shop. Center Norte,0.8743718592964824,20.060000000000002,165,16.25,15.0,8.555,2,355030817A,False,1.0,0.8743718592964824,0.6970970206264324,0.8463150358361708,cobertura_baixa_87.44%; headway_pico_alto_16.2min
5757-10,5757-10,Cid. Júlia - Metrô Conceição,0.75,10.655000000000001,268,7.5,10.0,7.665,2,355030828A,False,1.0,0.75,0.9041252864782277,0.8462375859434683,cobertura_baixa_75.00%
4053-10,4053-10,Guaianases - Cptm Guaianases,1.0,9.12,111,8.0,15.0,11.64,1,355030884A,True,1.0,1.0,0.48433919022154315,0.8453017570664629,
7545-10,7545-10,Jd. João Xxiii - Pça. Ramos De Azevedo,0.7552083333333334,20.2,258,10.0,8.0,11.985,2,355030896A,False,1.0,0.7552083333333334,0.891520244461421,0.845060240005093,cobertura_baixa_75.52%
4029-10,4029-10,São Mateus - Term. Vl Prudente,0.8417721518987342,15.25,179,12.0,14.25,10.64,2,355030869A,False,1.0,0.8417721518987342,0.7467532467532467,0.8449120499753411,cobertura_baixa_84.18%
6010-10,6010-10,Chác. Sta. Maria - Term. Guarapiranga,0.815028901734104,16.740000000000002,197,11.0,12.75,10.98,2,355030863A,False,1.0,0.815028901734104,0.7906799083269671,0.8447184233651421,cobertura_baixa_81.50%
2058-10,2058-10,Term. São Miguel - Cptm Guaianases,1.0,11.184999999999999,110,20.0,30.0,9.64,2,355030881A,False,1.0,1.0,0.479755538579068,0.8439266615737204,headway_pico_alto_20.0min
6017-10,6017-10,Jd. Nakamura - Jd. âNgela,1.0,12.8,110,10.0,12.0,8.17,1,355030824A,True,1.0,1.0,0.479755538579068,0.8439266615737204,
3099-10,3099-10,Hosp. São Mateus - Jd. Da Conquista,0.717741935483871,11.655000000000001,307,6.0,10.5,10.605,2,355030864A,False,1.0,0.717741935483871,0.9411764705882353,0.8412239089184061,cobertura_baixa_71.77%
4005-10,4005-10,Term. Cid. Tiradentes - Barro Branco,1.0,7.07,122,8.0,15.0,10.88,1,355030820A,True,0.88375,1.0,0.5439266615737204,0.8399279984721162,
5109-10,5109-10,Term. Vl. Prudente - Term. Mercado,0.7307692307692307,7.654999999999999,311,5.0,10.0,19.68,2,355030871A,False,0.9568749999999999,0.7307692307692307,0.9438502673796791,0.8399146955985191,cobertura_baixa_73.08%
7005-51,7005-51,Jd. Vera Cruz - Metrô Capão Redondo ,0.8348623853211009,10.98,178,11.0,15.0,9.114999999999998,2,355030863A,False,1.0,0.8348623853211009,0.741405653170359,0.8398528886116581,cobertura_baixa_83.49%
4004-10,4004-10,Term. Cid. Tiradentes - Barro Branco,1.0,9.19,107,10.0,13.5,14.14,1,355030820A,True,1.0,1.0,0.4637127578304049,0.8391138273491214,
6115-10,6115-10,Cantinho Do Céu - Term. Grajaú,0.7532467532467533,7.6899999999999995,264,7.25,10.5,9.149999999999999,2,355030838A,False,0.9612499999999999,0.7532467532467533,0.8987776928953399,0.8385066844919786,cobertura_baixa_75.32%
8038-10,8038-10,Pq. Continental - Lapa,0.8022598870056498,16.665,197,8.5,15.0,11.18,2,355030897A,False,1.0,0.8022598870056498,0.7906799083269671,0.8383339160009149,cobertura_baixa_80.23%
2720-10,2720-10,Jd. Belém - Metrô Guilhermina/esperança,0.6929824561403509,10.425,367,5.75,7.25,12.879999999999999,2,355030876A,False,1.0,0.6929824561403509,0.972498090145149,0.83824065511372,cobertura_baixa_69.30%
1016-10,1016-10,Cem. Do Horto - Shop. Center Norte,0.7232142857142857,10.855,285,6.75,7.25,9.425,2,355030879A,False,1.0,0.7232142857142857,0.9209320091673033,0.8378867456073338,cobertura_baixa_72.32%
273G-10,273G-10,Jd. Helena - Metrô Artur Alvim,0.7328767123287672,13.975000000000001,268,8.5,9.0,10.635,2,355030848A,False,1.0,0.7328767123287672,0.9041252864782277,0.8376759421078519,cobertura_baixa_73.29%
6001-10,6001-10,Term. Capelinha - Term. Sto. Amaro,0.9438202247191011,9.24,124,20.0,18.75,9.71,2,355030814A,False,1.0,0.9438202247191011,0.5511841100076394,0.8372653453618424,headway_pico_alto_20.0min
2105-10,2105-10,Jd. Filhos Da Terra - Lgo. Da Concórdia,0.9863945578231292,14.605,110,22.5,20.0,9.665,2,355030811A,False,1.0,0.9863945578231292,0.479755538579068,0.837123940485285,headway_pico_alto_22.5min
807P-10,807P-10,Paraisópolis - Sto. Amaro,1.0,22.48,104,11.0,13.5,11.94,1,355030894A,True,1.0,1.0,0.45263559969442324,0.835790679908327,
5129-10,5129-10,Jd. Miriam - Term. Guarapiranga,0.7912621359223301,19.83,200,11.0,12.0,12.14,2,355030865A,False,1.0,0.7912621359223301,0.7971734148204737,0.8347830924073072,cobertura_baixa_79.13%
148L-10,148L-10,Cohab Antártica - Lapa,0.7251461988304093,16.53,270,9.0,8.5,10.469999999999999,2,355030872A,False,1.0,0.7251461988304093,0.9064171122994652,0.8344982331050441,cobertura_baixa_72.51%
8615-10,8615-10,Pq. Da Lapa - Term. Pq. D. Pedro Ii,0.8255813953488372,16.555,177,12.0,15.0,10.4,2,355030833A,False,1.0,0.8255813953488372,0.7387318563789153,0.8344102545880931,cobertura_baixa_82.56%
6039-10,6039-10,Valo Velho - Sto. Amaro,0.9782608695652174,13.89,110,20.0,20.0,7.395,2,355030814A,False,1.0,0.9782608695652174,0.479755538579068,0.8330570963563291,headway_pico_alto_20.0min
9008-10,9008-10,Pq. De Taipas - Term. Cachoeirinha,0.6976744186046512,8.655000000000001,317,6.25,8.0,8.98,2,355030817A,False,1.0,0.6976744186046512,0.9472880061115355,0.8330236111357863,cobertura_baixa_69.77%
2031-10,2031-10,Cid. Kemel Ii - Term. A. E. Carvalho,0.9838709677419355,17.46,108,20.0,27.5,11.575,2,355030810A,False,1.0,0.9838709677419355,0.4698242933537051,0.8328827718770793,headway_pico_alto_20.0min
7052-10,7052-10,Jd. Helga - Term. Campo Limpo,1.0,5.04,162,12.75,15.0,9.280000000000001,2,355030895A,False,0.63,1.0,0.6875477463712758,0.8322643239113827,
2731-10,2731-10,Vl. Progresso - Metrô Itaquera,0.6875,8.375,335,6.0,9.5,10.594999999999999,2,355030868A,False,1.0,0.6875,0.959511077158136,0.8316033231474407,cobertura_baixa_68.75%
297A-10,297A-10,Vl. Santa Maria - Metrô Barra Funda,0.8428571428571429,6.855,199,9.0,12.0,9.91,2,355030860A,False,0.856875,0.8428571428571429,0.7956455309396486,0.831497230710466,cobertura_baixa_84.29%
2104-10,2104-10,Metrô Santana - Term. Pq. D. Pedro Ii,1.0,5.84,142,14.25,17.5,7.6,2,355030811A,False,0.73,1.0,0.6168831168831169,0.8310649350649351,
8084-10,8084-10,Metrô Butantã - Cid. Universitária,0.8809523809523809,8.25,145,6.5,7.0,13.03,1,355030853A,True,1.0,0.8809523809523809,0.634453781512605,0.8308123249299719,cobertura_baixa_88.10%
1745-10,1745-10,Vl.nova Cachoeirinha - Shop. Center Norte,0.9256198347107438,11.51,128,17.5,20.0,8.74,2,355030811A,False,1.0,0.9256198347107438,0.5599694423223835,0.8308007500520869,headway_pico_alto_17.5min
675K-10,675K-10,Term. Jd. âNgela - Metrô Sta. Cruz,0.6836734693877551,19.75,336,6.25,7.25,11.469999999999999,2,355030834A,False,1.0,0.6836734693877551,0.9606569900687548,0.830033831714504,cobertura_baixa_68.37%
3712-10,3712-10,Jd. São João - Metrô Itaquera,0.8275862068965517,8.685,171,11.5,15.0,10.27,2,355030801B,False,1.0,0.8275862068965517,0.7203972498090145,0.8299122783909803,cobertura_baixa_82.76%
6803-10,6803-10,Jd. Capelinha - Term. João Dias,1.0,6.375,130,16.25,20.0,8.685,2,355030814A,False,0.796875,1.0,0.5676088617265088,0.8296576585179527,headway_pico_alto_16.2min
4052-10,4052-10,Cptm Guaianases - Metrô Itaquera,0.7978723404255319,9.219999999999999,185,9.5,20.0,11.33,2,355030868A,False,1.0,0.7978723404255319,0.7685255920550038,0.829493847829267,cobertura_baixa_79.79%
971V-10,971V-10,Jd. Vista Alegre - Shop. Center Norte,0.9119170984455959,18.59,132,17.5,18.75,9.57,2,355030811A,False,1.0,0.9119170984455959,0.577922077922078,0.8293351725994214,headway_pico_alto_17.5min
7053-10,7053-10,Jd. Macedônia - Term. Campo Limpo,0.9318181818181818,4.29,232,8.0,12.0,7.7,2,355030895A,False,0.53625,0.9318181818181818,0.8514132925897632,0.8285830786860198,
3054-10,3054-10,Jd. Palanque - Hosp. Sapopemba,0.9405405405405406,18.310000000000002,118,18.75,20.0,10.395,2,355030864A,False,1.0,0.9405405405405406,0.5252100840336135,0.8278332954803542,headway_pico_alto_18.8min
178A-10,178A-10,Metrô Santana - Lapa,0.9513888888888888,14.305,114,18.75,20.0,8.945,2,355030812A,False,1.0,0.9513888888888888,0.5019098548510313,0.8262674008997539,headway_pico_alto_18.8min
4092-10,4092-10,Term. Cid. Tiradentes - Setor Iib,1.0,9.38,93,10.0,15.0,10.82,1,355030802A,True,1.0,1.0,0.41711229946524064,0.8251336898395722,
4732-10,4732-10,Vl. Liviero - Metrô Saúde,0.9489795918367347,9.7,114,20.0,20.0,8.5,2,355030832A,False,1.0,0.9489795918367347,0.5019098548510313,0.8250627523736769,headway_pico_alto_20.0min
7051-10,7051-10,Jd. Rosana - Term. Campo Limpo,1.0,4.285,173,11.5,15.0,8.29,2,355030895A,False,0.535625,1.0,0.725362872421696,0.8247338617265089,
6006-10,6006-10,Jd. Herculano - Shop. Interlagos,0.8181818181818182,15.475000000000001,170,13.5,13.5,10.41,2,355030865A,False,1.0,0.8181818181818182,0.7173414820473644,0.8242933537051185,cobertura_baixa_81.82%
2018-10,2018-10,Jd. Campos - São Miguel,1.0,12.33,92,10.0,10.0,9.36,1,355030881A,True,1.0,1.0,0.4117647058823529,0.8235294117647058,
4014-10,4014-10,Jd. Vl. Carrão - Term. Vl. Carrão,0.8636363636363636,12.945,146,14.25,20.0,11.525,2,355030864A,False,1.0,0.8636363636363636,0.6390374331550802,0.8235294117647058,cobertura_baixa_86.36%
7060-10,7060-10,Valo Velho - Term. Campo Limpo,0.9797979797979798,8.91,102,20.0,22.5,10.26,2,355030895A,False,1.0,0.9797979797979798,0.4449961802902979,0.8233978439860792,headway_pico_alto_20.0min
4727-10,4727-10,Jd. Clímax - Metrô Pça. Da áRvore,0.9782608695652174,9.84,102,20.0,20.0,9.83,2,355030832A,False,1.0,0.9782608695652174,0.4449961802902979,0.822629288869698,headway_pico_alto_20.0min
7023-10,7023-10,Jd. Nakamura - Term. Sto. Amaro,0.7130434782608696,11.57,254,8.25,10.5,9.58,2,355030824A,False,1.0,0.7130434782608696,0.8861726508785333,0.8223735343939946,cobertura_baixa_71.30%
407L-10,407L-10,Barro Branco - Metrô Guilhermina/esperança,0.74609375,26.555,216,12.0,15.5,11.295,2,355030868A,False,1.0,0.74609375,0.8273491214667685,0.8212516114400306,cobertura_baixa_74.61%
1722-10,1722-10,Jd. Marina - Metrô Tucuruvi,0.6746987951807228,16.88,312,6.75,8.0,8.440000000000001,2,355030872A,False,1.0,0.6746987951807228,0.944996180290298,0.8208482516774507,cobertura_baixa_67.47%
938V-10,938V-10,Jd. Vista Alegre - Metrô Barra Funda,0.6958762886597938,19.185000000000002,272,7.25,10.0,10.86,2,355030878A,False,1.0,0.6958762886597938,0.9083269671504965,0.8204362344750458,cobertura_baixa_69.59%
9301-10,9301-10,Term. Casa Verde - Pça. Do Correio,0.9764705882352941,8.745000000000001,100,20.0,27.5,9.940000000000001,2,355030860A,False,1.0,0.9764705882352941,0.43888464476699773,0.8199006875477464,headway_pico_alto_20.0min
8073-10,8073-10,Jd. Guaraú - Term. Vl. Sônia,0.8387096774193549,8.385,155,15.0,12.0,10.31,2,355030801A,False,1.0,0.8387096774193549,0.6684491978609626,0.8198895980679661,cobertura_baixa_83.87%
5021-10,5021-10,Água Funda - Term. Sacomã,0.9305555555555556,7.234999999999999,131,13.5,20.0,9.620000000000001,2,355030832A,False,0.9043749999999999,0.9305555555555556,0.573720397249809,0.8182688969527205,
1743-10,1743-10,Jd. Pery Alto - Shop. D,0.8290598290598291,11.495,159,13.5,15.0,7.845000000000001,2,355030872A,False,1.0,0.8290598290598291,0.6787624140565317,0.818158638746874,cobertura_baixa_82.91%
574C-10,574C-10,São Mateus - Div. De São Caetano,0.84472049689441,14.67,150,13.5,16.25,10.86,2,355030869A,False,1.0,0.84472049689441,0.6516424751718869,0.8178529909987711,cobertura_baixa_84.47%
3795-10,3795-10,Jd. São Carlos - Metrô Itaquera,0.8142857142857143,13.600000000000001,166,12.0,17.5,9.719999999999999,2,355030802A,False,1.0,0.8142857142857143,0.7020626432391138,0.8177616501145912,cobertura_baixa_81.43%
3712-51,3712-51,Vl. Cosmopolita - Metrô Itaquera,0.8295454545454546,8.98,157,12.0,16.25,10.995000000000001,2,355030801B,False,1.0,0.8295454545454546,0.6753246753246753,0.8173701298701299,cobertura_baixa_82.95%
6046-10,6046-10,Jd. São Bento Novo - Sto. Amaro,0.9752066115702479,12.120000000000001,96,22.5,20.0,7.035,2,355030814A,False,1.0,0.9752066115702479,0.4274255156608098,0.8158309604833669,headway_pico_alto_22.5min
342N-10,342N-10,Cohab Juscelino - Cptm Guaianases,1.0,17.66,85,13.5,15.0,5.64,1,355030802A,True,1.0,1.0,0.3850267379679144,0.8155080213903743,
3010-10,3010-10,Cem. Da Saudade - Term. A. E. Carvalho,1.0,6.734999999999999,112,20.0,22.5,11.445,2,355030818A,False,0.8418749999999999,1.0,0.4900687547746371,0.8153956264323912,headway_pico_alto_20.0min
6840-10,6840-10,Term. Jd. Jacira - Term. Capelinha,0.7310344827586207,14.045,220,10.75,11.5,8.91,2,355030858A,False,1.0,0.7310344827586207,0.8315508021390374,0.8149824820210216,cobertura_baixa_73.10%
3902-10,3902-10,Cptm Jd. Romano - Cptm Guaianases,0.8580645161290322,15.0,142,16.25,20.0,10.285,2,355030810A,False,1.0,0.8580645161290322,0.6168831168831169,0.8140971931294512,cobertura_baixa_85.81%; headway_pico_alto_16.2min
129F-10,129F-10,Conexão Petrônio Portela - Metrô Barra Funda,0.6951219512195121,8.785,254,7.25,10.5,9.86,2,355030878A,False,1.0,0.6951219512195121,0.8861726508785333,0.8134127708733161,cobertura_baixa_69.51%
809P-10,809P-10,Term. Campo Limpo - Term. Pinheiros,0.65625,12.870000000000001,318,6.75,7.0,10.435,2,355030846A,False,1.0,0.65625,0.9491978609625669,0.8128843582887699,cobertura_baixa_65.62%
6835-31,6835-31,Valo Velho - Term. Capelinha,0.9166666666666666,8.09,116,20.0,22.5,8.075,2,355030889A,False,1.0,0.9166666666666666,0.5148968678380443,0.8128023936847466,headway_pico_alto_20.0min
4006-10,4006-10,Jd. Nova Vitória - Circular,1.0,8.0,83,12.0,15.0,10.43,1,355030880A,True,1.0,1.0,0.37509549274255155,0.8125286478227656,
8029-10,8029-10,Shop. Portal - Term. Morumbi,0.7701149425287356,7.65,196,10.0,13.5,9.254999999999999,2,355030894A,False,0.95625,0.7701149425287356,0.7868601986249045,0.8123655308518392,cobertura_baixa_77.01%
5036-10,5036-10,Jd. Celeste - Term. Sacomã,0.9512195121951219,11.43,104,20.0,22.5,9.165,2,355030856A,False,1.0,0.9512195121951219,0.45263559969442324,0.811400436005888,headway_pico_alto_20.0min
8019-31,8019-31,Pq. Continental - Term. Vl. Sônia,0.9652777777777778,13.725000000000001,96,22.5,30.0,10.485,2,355030897A,False,1.0,0.9652777777777778,0.4274255156608098,0.8108665435871318,headway_pico_alto_22.5min
2006-10,2006-10,Cid. Kemel I - Cptm Itaim Paulista,0.6764705882352942,6.975,464,4.0,6.25,10.605,2,355030898A,False,0.871875,0.6764705882352942,0.9938884644766998,0.8107768334606569,cobertura_baixa_67.65%
514T-10,514T-10,Term. Sacomã - Conj. Teotônio Vilela,0.6901408450704225,21.66,253,7.5,10.5,11.72,2,355030871A,False,1.0,0.6901408450704225,0.8831168831168831,0.8100054874702762,cobertura_baixa_69.01%
307C-10,307C-10,Conj. Encosta Norte - Metrô Artur Alvim,0.8923076923076924,19.15,122,20.0,20.0,11.46,2,355030810A,False,1.0,0.8923076923076924,0.5439266615737204,0.8093318446259623,cobertura_baixa_89.23%; headway_pico_alto_20.0min
6821-10,6821-10,Jd. Jangadeiro - Term. Capelinha,0.8088235294117647,5.915,229,10.0,10.0,8.105,2,355030863A,False,0.739375,0.8088235294117647,0.8472116119174943,0.8064502482811307,cobertura_baixa_80.88%
8082-10,8082-10,Cid. Universitária - Metrô Butantã,0.7647058823529411,8.805,179,12.75,15.0,14.365,2,355030897A,False,1.0,0.7647058823529411,0.7467532467532467,0.8063789152024445,cobertura_baixa_76.47%
2023-10,2023-10,Cachoeira - Metrô Tucuruvi,0.828125,13.434999999999999,146,15.0,16.25,10.395,2,355030827B,False,1.0,0.828125,0.6390374331550802,0.805773729946524,cobertura_baixa_82.81%
407T-10,407T-10,Jd. Redil - Metrô Itaquera,0.8035714285714286,6.08,224,8.0,12.0,10.71,2,355030868A,False,0.76,0.8035714285714286,0.839572192513369,0.805657372039725,cobertura_baixa_80.36%
7004-10,7004-10,Term. Jd. Jacira - Est. Sto. Amaro/guido Caloi,0.6648351648351648,18.125,275,7.0,10.0,10.265,2,355030858A,False,1.0,0.6648351648351648,0.9106187929717342,0.8056032203091026,cobertura_baixa_66.48%
6835-10,6835-10,Valo Velho - Term. Capelinha,0.8783783783783784,7.845,130,17.5,18.75,8.004999999999999,2,355030889A,False,0.980625,0.8783783783783784,0.5676088617265088,0.8055968477071418,cobertura_baixa_87.84%; headway_pico_alto_17.5min
5129-41,5129-41,Jd. Miriam - Sto. Amaro,0.8796296296296297,10.985,124,20.0,20.0,10.225000000000001,2,355030828A,False,1.0,0.8796296296296297,0.5511841100076394,0.8051700478171067,cobertura_baixa_87.96%; headway_pico_alto_20.0min
9701-10,9701-10,Cem. Cachoeirinha - Metrô Barra Funda,1.0,16.85,76,13.5,15.0,10.53,1,355030860A,True,1.0,1.0,0.34988540870893814,0.8049656226126813,
354M-10,354M-10,Term. São Miguel - Term. São Mateus,0.7725118483412322,20.549999999999997,174,13.5,14.25,11.405,2,355030848A,False,1.0,0.7725118483412322,0.7288006111535523,0.8048961075166818,cobertura_baixa_77.25%
6084-10,6084-10,Jd. Chác. Do Sol - Term. Est. Varginha,0.7261904761904762,8.065000000000001,204,10.0,15.0,11.725000000000001,2,355030844A,False,1.0,0.7261904761904762,0.8048128342245989,0.8045390883626178,cobertura_baixa_72.62%
5630-10,5630-10,Term. Grajaú - Metrô Brás,0.7453183520599251,28.79,188,12.5,12.0,12.43,2,355030808A,False,1.0,0.7453183520599251,0.7723453017570665,0.8043627665570825,cobertura_baixa_74.53%
6012-10,6012-10,Pq. Independência - Jd. âNgela,1.0,10.89,75,15.0,17.5,9.2,1,355030889A,True,1.0,1.0,0.3449197860962567,0.803475935828877,
4086-10,4086-10,Term. Cid. Tiradentes - Circular,1.0,7.99,75,13.5,20.0,10.42,1,355030820A,True,0.99875,1.0,0.3449197860962567,0.803225935828877,
707A-10,707A-10,Jd. âNgela - Metrô Pça. Da áRvore,0.684931506849315,21.994999999999997,243,10.0,10.0,11.629999999999999,2,355030808A,False,1.0,0.684931506849315,0.868601986249045,0.8030463492993709,cobertura_baixa_68.49%
2201-10,2201-10,Div. De Ferraz - Cptm Guaianases,1.0,3.0700000000000003,180,12.0,15.0,5.390000000000001,2,355030884A,False,0.38375000000000004,1.0,0.7532467532467533,0.8027240259740259,
8077-10,8077-10,Jd. João Xxiii - Term. Vl. Sônia,0.9489795918367347,10.120000000000001,96,30.0,20.0,10.254999999999999,2,355030896A,False,1.0,0.9489795918367347,0.4274255156608098,0.8027174506166104,headway_pico_alto_30.0min
3069-10,3069-10,Jd. Recanto Verde Sol - Term. São Mateus,0.6641221374045801,12.855,265,7.5,12.0,13.3,2,355030880A,False,1.0,0.6641221374045801,0.8999236058059588,0.8020381504440777,cobertura_baixa_66.41%
809D-10,809D-10,Cohab Educandário - Term. Pinheiros,0.9245283018867925,15.98,107,20.0,20.0,11.219999999999999,2,355030896A,False,1.0,0.9245283018867925,0.4637127578304049,0.8013779782925177,headway_pico_alto_20.0min
6804-10,6804-10,Jd. Ingá - Term. João Dias,1.0,4.165,152,15.0,15.0,5.8149999999999995,2,355030814A,False,0.520625,1.0,0.6569900687547746,0.8012220206264324,
7016-10,7016-10,Jd. âNgela - Term. Sto. Amaro,0.7105263157894737,11.56,209,11.0,12.0,9.309999999999999,2,355030824A,False,1.0,0.7105263157894737,0.8147440794499619,0.7996863817297253,cobertura_baixa_71.05%
809L-10,809L-10,Campo Limpo - Lapa,0.7,18.07,219,8.5,12.0,11.475000000000001,2,355030853A,False,1.0,0.7,0.8300229182582124,0.7990068754774637,cobertura_baixa_70.00%
7022-10,7022-10,Jd. Caiçara - Term. Sto. Amaro,0.8362068965517241,11.81,137,15.0,18.75,10.155000000000001,2,355030863A,False,1.0,0.8362068965517241,0.599694423223835,0.7980117752430125,cobertura_baixa_83.62%
627J-10,627J-10,Jd. Miriam - Metrô São Judas,0.9047619047619048,18.79,111,10.0,10.0,9.64,1,355030828A,True,1.0,0.9047619047619048,0.48433919022154315,0.7976827094474153,
2725-10,2725-10,Metrô Artur Alvim - Jd. São Carlos,0.7552447552447552,14.1,175,6.0,9.0,13.02,1,355030818A,True,1.0,0.7552447552447552,0.7330022918258212,0.797523065170124,cobertura_baixa_75.52%
6014-10,6014-10,Term. Jd. Jacira - Term. Sto. Amaro,0.7487437185929648,19.065,175,13.5,15.0,11.76,2,355030858A,False,1.0,0.7487437185929648,0.7330022918258212,0.7942725468442289,cobertura_baixa_74.87%
2719-10,2719-10,Ermelino Matarazzo - Metrô Vl. Matilde,0.5918367346938775,9.67,459,4.5,6.0,10.76,2,355030886A,False,1.0,0.5918367346938775,0.9931245225362872,0.793855724107825,cobertura_baixa_59.18%
9002-10,9002-10,Jd. Pery Alto - Term. Cachoeirinha,0.76,5.105,325,6.0,7.75,10.09,2,355030872A,False,0.638125,0.76,0.9533995416348358,0.7936448624904507,cobertura_baixa_76.00%
5702-10,5702-10,Refúgio Sta. Terezinha - Metrô Jabaquara,0.6483516483516484,9.26,263,7.5,10.0,8.129999999999999,2,355030828A,False,1.0,0.6483516483516484,0.8972498090145149,0.7933507668801787,cobertura_baixa_64.84%
5034-31,5034-31,Term. Sacomã - Vl. Liviero,0.8653846153846154,15.48,120,6.0,15.0,11.33,1,355030856A,True,1.0,0.8653846153846154,0.5343773873185638,0.7930055238878768,cobertura_baixa_86.54%
5015-10,5015-10,Jd. São Jorge - Metrô Jabaquara,0.6857142857142857,10.5,221,9.25,12.0,9.55,2,355030828A,False,1.0,0.6857142857142857,0.8334606569900688,0.7928953399541634,cobertura_baixa_68.57%
677V-10,677V-10,Jd. Alpino - Term. Grajaú,0.7878787878787878,12.32,152,14.25,18.75,11.915,2,355030852A,False,1.0,0.7878787878787878,0.6569900687547746,0.7910364145658264,cobertura_baixa_78.79%
6034-10,6034-10,Pq. Res. Cocaia - Term. Grajaú,0.7721518987341772,8.43,160,11.5,20.0,9.684999999999999,2,355030838A,False,1.0,0.7721518987341772,0.6822001527883881,0.790735995203605,cobertura_baixa_77.22%
6074-10,6074-10,Jd. Gaivotas - Est. Jurubatuba,0.6964285714285714,16.93,205,10.0,12.25,10.33,2,355030838A,False,1.0,0.6964285714285714,0.807868601986249,0.7905748663101604,cobertura_baixa_69.64%
8000-1,8000-1,Term. Lapa - Pça. Ramos De Azevedo,0.775,8.05,157,12.75,12.75,10.305,2,355030878A,False,1.0,0.775,0.6753246753246753,0.7900974025974026,cobertura_baixa_77.50%
2005-10,2005-10,Jd. Romano - São Miguel,0.9642857142857143,16.63,78,13.5,15.0,9.59,1,355030881A,True,1.0,0.9642857142857143,0.3575248281130634,0.7894003055767762,
1782-10,1782-10,Vl. Nova Galvão - Metrô Santana,0.9911111111111112,22.31,64,20.0,20.0,8.98,1,355030813A,True,1.0,0.9911111111111112,0.3113063407181054,0.7889474577709872,headway_pico_alto_20.0min
574J-10,574J-10,Metrô Conceição - Term. Vl. Carrão,0.7090163934426229,24.975,192,12.75,10.0,10.2,2,355030871A,False,1.0,0.7090163934426229,0.780366692131398,0.7886182043607308,cobertura_baixa_70.90%
4035-10,4035-10,Guaianases - Metrô Itaquera,0.9137931034482759,16.85,100,25.0,27.5,10.605,2,355030884A,False,1.0,0.9137931034482759,0.43888464476699773,0.7885619451542372,headway_pico_alto_25.0min
407N-10,407N-10,Term. Cid. Tiradentes - Metrô Penha,0.6538461538461539,20.575,244,11.5,15.0,13.365,2,355030864A,False,1.0,0.6538461538461539,0.8708938120702827,0.7881912205441617,cobertura_baixa_65.38%
8000-10,8000-10,Term. Lapa - Pça. Ramos De Azevedo,0.775,8.05,155,9.5,17.5,9.905,2,355030878A,False,1.0,0.775,0.6684491978609626,0.7880347593582888,cobertura_baixa_77.50%
209P-10,209P-10,Cachoeirinha - Term. Pinheiros,0.632183908045977,18.240000000000002,270,9.0,9.5,12.2,2,355030860A,False,1.0,0.632183908045977,0.9064171122994652,0.7880170877128281,cobertura_baixa_63.22%
971R-10,971R-10,Cptm Jaraguá - Metrô Santana,0.6282722513089005,18.72,277,8.75,8.25,9.065,2,355030872A,False,1.0,0.6282722513089005,0.9125286478227654,0.7878947200012798,cobertura_baixa_62.83%
7006-10,7006-10,Jd. Horizonte Azul - Jd. âNgela,0.8054054054054054,18.34,142,7.5,10.0,9.57,1,355030858A,True,1.0,0.8054054054054054,0.6168831168831169,0.7877676377676377,cobertura_baixa_80.54%
695X-10,695X-10,Term. Varginha - Metrô Jabaquara,0.7025862068965517,22.83,196,11.0,12.0,11.27,2,355030820B,False,1.0,0.7025862068965517,0.7868601986249045,0.7873511630357473,cobertura_baixa_70.26%
1703-10,1703-10,Jd. Fontális - Shop. Center Norte,0.8926174496644296,14.545,108,22.5,20.0,9.125,2,355030813A,False,1.0,0.8926174496644296,0.4698242933537051,0.7872560128383264,cobertura_baixa_89.26%; headway_pico_alto_22.5min
3134-10,3134-10,Shop. Aricanduva - Metrô Tamanduateí,0.6554054054054054,14.995000000000001,241,8.75,11.0,10.655000000000001,2,355030869A,False,1.0,0.6554054054054054,0.8647822765469825,0.7871373856667974,cobertura_baixa_65.54%
8025-10,8025-10,Jd. Rosa Maria - Term. Vl. Sônia,0.8921568627450981,9.42,108,17.5,25.0,9.525,2,355030801A,False,1.0,0.8921568627450981,0.4698242933537051,0.7870257193786605,cobertura_baixa_89.22%; headway_pico_alto_17.5min
8705-10,8705-10,Shop. Continental - Anhangabaú,0.7124183006535948,15.945,185,12.75,12.0,11.525,2,355030853A,False,1.0,0.7124183006535948,0.7685255920550038,0.7867668279432984,cobertura_baixa_71.24%
6030-10,6030-10,Unisa-campus 1 - Term. Sto. Amaro,0.6792452830188679,14.975000000000001,213,9.0,11.5,11.16,2,355030852A,False,1.0,0.6792452830188679,0.8235294117647058,0.7866814650388456,cobertura_baixa_67.92%
5142-10,5142-10,Term. Sapopemba - Term. Pq. D. Pedro Ii,0.8381742738589212,24.259999999999998,126,18.75,17.5,11.239999999999998,2,355030822B,False,1.0,0.8381742738589212,0.5557677616501145,0.7858174654244949,cobertura_baixa_83.82%; headway_pico_alto_18.8min
637A-10,637A-10,Term. Jd. âNgela - Term. Pinheiros,0.5885167464114832,21.37,365,6.25,6.0,11.24,2,355030809A,False,1.0,0.5885167464114832,0.970970206264324,0.7855494350850387,cobertura_baixa_58.85%
745M-10,745M-10,Campo Limpo - Shop. Sp Market,0.7815126050420168,22.845,149,17.5,16.25,9.934999999999999,2,355030863A,False,1.0,0.7815126050420168,0.6482047364400305,0.7852177234530175,cobertura_baixa_78.15%; headway_pico_alto_17.5min
9090-10,9090-10,Pq. Tietê - Term. Casa Verde,0.9867549668874173,14.94,62,15.0,20.0,8.88,1,355030872A,True,1.0,0.9867549668874173,0.3059587471352177,0.785165107584274,
971T-10,971T-10,Vl. Sta. Maria - Metrô Santana,0.6666666666666666,8.57,223,10.5,10.0,8.84,2,355030872A,False,1.0,0.6666666666666666,0.8372803666921314,0.7845174433409727,cobertura_baixa_66.67%
6007-10,6007-10,Term. Capelinha - Term. Sto. Amaro,0.7532467532467533,14.84,163,15.0,15.0,9.94,2,355030809A,False,1.0,0.7532467532467533,0.6909854851031322,0.7839190221543162,cobertura_baixa_75.32%
875C-10,875C-10,Term. Lapa - Metrô Sta. Cruz,0.6878306878306878,18.965,202,13.5,11.5,9.23,2,355030808A,False,1.0,0.6878306878306878,0.7998472116119175,0.783869507398919,cobertura_baixa_68.78%
9354-10,9354-10,Term. Cachoeirinha - Pça. Do Correio,0.8188405797101449,14.555,132,17.5,18.75,10.22,2,355030860A,False,1.0,0.8188405797101449,0.577922077922078,0.7827969132316959,cobertura_baixa_81.88%; headway_pico_alto_17.5min
695T-1,695T-1,Term. Capelinha - Metrô Vl. Mariana,0.7318435754189944,17.564999999999998,172,11.5,17.5,11.5,2,355030808A,False,1.0,0.7318435754189944,0.7226890756302521,0.7827285103985728,cobertura_baixa_73.18%
2715-10,2715-10,Vl. Sílvia - Metrô Patriarca,0.65625,6.720000000000001,325,6.0,10.0,11.515,2,355030886A,False,0.8400000000000001,0.65625,0.9533995416348358,0.7821448624904507,cobertura_baixa_65.62%
9717-10,9717-10,Jd. Almanara - Metrô Santana,0.7455621301775148,17.08,165,12.75,15.0,11.14,2,355030860A,False,1.0,0.7455621301775148,0.6970970206264324,0.7819101712766872,cobertura_baixa_74.56%
3024-10,3024-10,Vl. Industrial - Term. Vl Prudente,0.8539325842696629,8.905000000000001,116,20.0,20.0,10.865,2,355030869A,False,1.0,0.8539325842696629,0.5148968678380443,0.7814353524862447,cobertura_baixa_85.39%; headway_pico_alto_20.0min
637R-10,637R-10,Jd. Aracati - Term. Sto. Amaro,0.6466666666666666,15.52,233,9.5,12.0,10.82,2,355030863A,False,1.0,0.6466666666666666,0.854087089381207,0.7795594601476954,cobertura_baixa_64.67%
7062-10,7062-10,Inocoop Campo Limpo - Term. Campo Limpo,1.0,3.7249999999999996,142,15.0,15.0,8.875,2,355030895A,False,0.46562499999999996,1.0,0.6168831168831169,0.7781899350649351,
677Y-10,677Y-10,Jd. Guarujá - Term. Capelinha,0.9357798165137615,21.69,80,15.0,15.0,9.78,1,355030889A,True,1.0,0.9357798165137615,0.36669213139801377,0.7778975476762848,
2780-10,2780-10,Jd. Camargo Novo - Metrô Itaquera,0.8361581920903954,17.615000000000002,119,16.25,20.0,11.5,2,355030810A,False,1.0,0.8361581920903954,0.5301757066462949,0.7771318080390861,cobertura_baixa_83.62%; headway_pico_alto_16.2min
6801-10,6801-10,Jd. Ibirapuera - Term. João Dias,1.0,3.125,153,13.5,20.0,7.39,2,355030809A,False,0.390625,1.0,0.6615737203972498,0.7765971161191749,
7054-10,7054-10,Jd. Macedônia - Term. Campo Limpo,1.0,3.9299999999999997,136,15.0,20.0,8.32,2,355030895A,False,0.49124999999999996,1.0,0.5935828877005348,0.7763248663101605,
5300-10,5300-10,Term. Sto. Amaro - Term. Pq. D. Pedro Ii,0.5843373493975904,17.130000000000003,314,6.5,7.25,11.4,2,355030808A,False,1.0,0.5843373493975904,0.9457601222307105,0.7758967113680084,cobertura_baixa_58.43%
938L-10,938L-10,Term. Cachoeirinha - Lapa,0.676056338028169,7.325,231,8.5,11.5,12.375,2,355030878A,False,0.915625,0.676056338028169,0.8491214667685256,0.7758896090446421,cobertura_baixa_67.61%
8319-10,8319-10,Pq. Continental - Sesc Pompéia,0.9364406779661016,23.46,78,15.0,15.0,12.35,1,355030897A,True,1.0,0.9364406779661016,0.3575248281130634,0.7754777874169698,
1701-10,1701-10,Jova Rural - Metrô Santana,1.0,22.27,44,13.5,15.0,11.23,1,355030813A,True,1.0,1.0,0.24789915966386555,0.7743697478991596,
2088-10,2088-10,Conj. Encosta Norte - Term. A. E. Carvalho,0.9441624365482234,18.735,74,30.0,30.0,11.225,2,355030898A,False,1.0,0.9441624365482234,0.33995416348357527,0.7740674673191843,headway_pico_alto_30.0min
6016-10,6016-10,Jd. Noronha - Term. Grajaú,0.6842105263157895,7.255,221,8.0,20.0,9.49,2,355030844A,False,0.906875,0.6842105263157895,0.8334606569900688,0.7735184602549154,cobertura_baixa_68.42%
1701-23,1701-23,Jova Rural - Metrô Santana,1.0,22.28,43,11.0,,13.24,1,355030813A,True,1.0,1.0,0.24446142093200918,0.7733384262796028,
3015-10,3015-10,Jd. Romano - Jd. Mabel,1.0,9.93,43,20.0,25.0,10.27,1,355030898A,True,1.0,1.0,0.24446142093200918,0.7733384262796028,headway_pico_alto_20.0min
6080-10,6080-10,Jd. Lucélia - Shop. Interlagos,0.7897727272727273,17.51,136,14.25,18.75,10.9,2,355030844A,False,1.0,0.7897727272727273,0.5935828877005348,0.772961229946524,cobertura_baixa_78.98%
8194-10,8194-10,Perus - Term. Cachoeirinha,0.7345971563981043,20.375,160,13.5,15.0,10.66,2,355030873A,False,1.0,0.7345971563981043,0.6822001527883881,0.7719586240355685,cobertura_baixa_73.46%
4087-10,4087-10,E.t. Itaquera - Vl. Popular,1.0,16.84,41,30.0,30.0,11.48,1,355030868A,True,1.0,1.0,0.23949579831932774,0.7718487394957982,headway_pico_alto_30.0min
675G-10,675G-10,Pq. Res. Cocaia - Metrô Jabaquara,0.8333333333333334,25.810000000000002,116,20.0,30.0,10.75,2,355030820B,False,1.0,0.8333333333333334,0.5148968678380443,0.7711357270180801,cobertura_baixa_83.33%; headway_pico_alto_20.0min
7057-10,7057-10,Jd. Mitsutani - Term. Campo Limpo,1.0,3.8,134,15.0,20.0,7.125,2,355030895A,False,0.475,1.0,0.5851795263559969,0.770553857906799,
502J-10,502J-10,Est. Autódromo - Metrô Sta. Cruz,0.6528497409326425,19.665,207,11.75,11.0,9.665,2,355030865A,False,1.0,0.6528497409326425,0.8124522536287242,0.7701605465549384,cobertura_baixa_65.28%
7011-31,7011-31,Jd. Dos Reis - Jd. âNgela,0.896551724137931,11.44,91,11.0,15.0,8.58,1,355030824A,True,1.0,0.896551724137931,0.4052711993888464,0.7698572218856194,cobertura_baixa_89.66%
2059-10,2059-10,São Miguel - Cptm Guaianases,0.5789473684210527,9.385,297,7.25,8.25,9.45,2,355030848A,False,1.0,0.5789473684210527,0.9343009931245225,0.769763982147883,cobertura_baixa_57.89%
3098-10,3098-10,Jd. São Francisco - Shop. Aricanduva,0.5882352941176471,12.82,281,7.5,10.0,10.955,2,355030859A,False,1.0,0.5882352941176471,0.9186401833460657,0.7697097020626431,cobertura_baixa_58.82%
4033-10,4033-10,Jd. Guairacá - Nova Conquista,0.6368715083798883,17.75,222,9.5,12.0,10.120000000000001,2,355030816A,False,1.0,0.6368715083798883,0.8353705118411001,0.7690469077422741,cobertura_baixa_63.69%
2011-10,2011-10,Vl. Sabrina - Metrô Santana,0.6715328467153284,13.215,189,11.0,12.75,8.525,2,355030879A,False,1.0,0.6715328467153284,0.7754010695187166,0.7683867442132792,cobertura_baixa_67.15%
5026-10,5026-10,Conj. Teotônio Vilela - Jd. São Roberto,1.0,12.39,37,30.0,30.0,11.44,1,355030875A,True,1.0,1.0,0.22765469824293355,0.7682964094728801,headway_pico_alto_30.0min
4085-10,4085-10,Cohab Fazenda Do Carmo - Metrô Itaquera,0.6534653465346535,9.625,204,10.0,13.5,10.045,2,355030801B,False,1.0,0.6534653465346535,0.8048128342245989,0.7681765235347064,cobertura_baixa_65.35%
6012-31,6012-31,Pq. Independência - Jd. âNgela,1.0,15.03,36,30.0,30.0,10.37,1,355030889A,True,1.0,1.0,0.2238349885408709,0.7671504965622613,headway_pico_alto_30.0min
2013-10,2013-10,Cohab Antártica - Cachoeirinha,0.5652173913043478,11.9,317,6.0,9.0,9.925,2,355030872A,False,1.0,0.5652173913043478,0.9472880061115355,0.7667950974856346,cobertura_baixa_56.52%
971M-10,971M-10,Vl. Penteado - Metrô Santana,0.6518518518518519,14.35,203,11.0,12.0,9.95,2,355030872A,False,1.0,0.6518518518518519,0.8025210084033614,0.7666822284469343,cobertura_baixa_65.19%
7011-10,7011-10,Jd. Dos Reis - Jd. âNgela,0.8916666666666667,11.85,90,11.0,15.0,8.17,1,355030889A,True,1.0,0.8916666666666667,0.40106951871657753,0.7661541889483066,cobertura_baixa_89.17%
6000-10,6000-10,Term. Parelheiros - Term. Sto. Amaro,0.5319148936170213,23.745,556,4.0,5.0,14.11,2,355030807A,False,1.0,0.5319148936170213,0.998472116119175,0.7654990816442631,cobertura_baixa_53.19%
695D-10,695D-10,Jd. Sta. Barbara - Metrô Jabaquara,0.7960199004975125,20.065,127,18.75,20.0,10.725,2,355030865A,False,1.0,0.7960199004975125,0.5576776165011459,0.7653132351991001,cobertura_baixa_79.60%; headway_pico_alto_18.8min
677A-10,677A-10,Term. Jd. âNgela - Itaim Bibi,0.5838150289017341,17.564999999999998,275,7.5,10.0,10.035,2,355030809A,False,1.0,0.5838150289017341,0.9106187929717342,0.7650931523423872,cobertura_baixa_58.38%
6045-21,6045-21,Term. Capelinha - Chác. Sta. Maria,0.9148936170212766,18.65,78,15.0,15.0,8.95,1,355030889A,True,1.0,0.9148936170212766,0.3575248281130634,0.7647042569445572,
3023-10,3023-10,Shop. Aricanduva - Pq. São Rafael,0.6410256410256411,11.835,208,10.0,12.0,10.774999999999999,2,355030859A,False,1.0,0.6410256410256411,0.813598166539343,0.7645922704746235,cobertura_baixa_64.10%
3003-10,3003-10,Jd. São Martinho - Cptm Vl. Mara/itaim,0.9065420560747663,10.5,81,13.5,15.0,11.67,1,355030881A,True,1.0,0.9065420560747663,0.3705118411000764,0.7644245803674061,
519M-10,519M-10,São Mateus - Museu Do Ipiranga,0.9363636363636364,22.755,66,45.0,37.5,11.625,2,355030871A,False,1.0,0.9363636363636364,0.31741787624140566,0.76340718105424,headway_pico_alto_45.0min
8086-10,8086-10,Jaguaré - Pinheiros,0.9625468164794008,26.55,52,20.0,20.0,14.1,1,355030853A,True,1.0,0.9625468164794008,0.27310924369747897,0.7632061813489441,headway_pico_alto_20.0min
5030-10,5030-10,Jd. Maria Estela - Term. Sacomã,0.9090909090909091,9.620000000000001,79,25.0,45.0,8.95,2,355030856A,False,1.0,0.9090909090909091,0.36210847975553856,0.7631779984721161,headway_pico_alto_25.0min
6028-10,6028-10,Riviera - Term. Sto. Amaro,0.6742424242424242,12.84,180,11.75,15.0,9.34,2,355030824A,False,1.0,0.6742424242424242,0.7532467532467533,0.763095238095238,cobertura_baixa_67.42%
5164-41,5164-41,Vl. Guarani - Metrô Conceição,0.9530201342281879,14.74,58,20.0,20.0,9.94,1,355030870A,True,1.0,0.9530201342281879,0.28838808250572956,0.7630264918658127,headway_pico_alto_20.0min
7458-10,7458-10,Jd. Boa Vista - Term. Vl. Sônia,0.7226890756302521,11.3,156,16.75,14.25,9.335,2,355030896A,False,1.0,0.7226890756302521,0.6722689075630253,0.7630252100840336,cobertura_baixa_72.27%; headway_pico_alto_16.8min
4313-10,4313-10,Term. Cid. Tiradentes - Term. Pq. D. Pedro Ii,0.5445205479452054,29.535,346,6.5,8.0,13.41,2,355030864A,False,1.0,0.5445205479452054,0.9640947288006112,0.761488692612786,cobertura_baixa_54.45%
6824-10,6824-10,Pq. Fernanda - Term. Capelinha,0.7647058823529411,7.76,142,16.25,16.25,9.235,2,355030863A,False,0.97,0.7647058823529411,0.6168831168831169,0.7614178762414057,cobertura_baixa_76.47%; headway_pico_alto_16.2min
7021-10,7021-10,Jd. Maracá - Term. João Dias,0.7625,7.95,138,15.0,16.25,8.775,2,355030809A,False,0.99375,0.7625,0.6046600458365164,0.7613980137509548,cobertura_baixa_76.25%
6258-10,6258-10,Jd. São Francisco - Term. Sto. Amaro,0.6024096385542169,8.175,242,8.5,12.0,7.785,2,355030834A,False,1.0,0.6024096385542169,0.8666921313980137,0.7612124586965126,cobertura_baixa_60.24%
5290-10,5290-10,Div. Diadema - Term. Pq. D. Pedro Ii,0.715,19.31,159,14.25,15.0,9.635,2,355030828A,False,1.0,0.715,0.6787624140565317,0.7611287242169595,cobertura_baixa_71.50%
756A-10,756A-10,Jd. Paulo Vi - Term. áGua Espraiada,0.7224669603524229,22.68,154,15.0,17.5,10.59,2,355030896A,False,1.0,0.7224669603524229,0.6653934300993124,0.7608515092060051,cobertura_baixa_72.25%
4032-10,4032-10,Vl. Das Mercês - Objetivo Unip,0.8809523809523809,12.985,90,20.0,30.0,9.684999999999999,2,355030832A,False,1.0,0.8809523809523809,0.40106951871657753,0.7607970460911637,cobertura_baixa_88.10%; headway_pico_alto_20.0min
809A-10,809A-10,Jd. D'abril - Term. Pinheiros,0.6287878787878788,13.425,211,9.0,11.5,10.82,2,355030853A,False,1.0,0.6287878787878788,0.8204736440030558,0.760536032594856,cobertura_baixa_62.88%
7002-10,7002-10,Jd. Rosa Maria - Hosp. Das Clínicas,0.7692307692307693,29.73,134,6.0,12.0,12.22,1,355030801A,True,1.0,0.7692307692307693,0.5851795263559969,0.7601692425221838,cobertura_baixa_76.92%
573T-10,573T-10,Term. Sapopemba - Metrô Carrão,0.5942857142857143,17.02,249,9.0,10.0,11.344999999999999,2,355030816A,False,1.0,0.5942857142857143,0.8762414056531703,0.7600152788388082,cobertura_baixa_59.43%
2708-10,2708-10,Jd. Lajeado - Metrô Itaquera,0.5666666666666667,10.77,287,6.25,10.0,9.175,2,355030868A,False,1.0,0.5666666666666667,0.922077922077922,0.7599567099567099,cobertura_baixa_56.67%
675P-10,675P-10,Shop. Sp Market - Metrô Conceição,0.8072289156626506,17.255,117,20.0,20.0,9.940000000000001,2,355030870A,False,1.0,0.8072289156626506,0.5202444614209321,0.759687796257605,cobertura_baixa_80.72%; headway_pico_alto_20.0min
107T-10,107T-10,Metrô Tucuruvi - Term. Pinheiros,0.7311320754716981,20.665,148,15.0,15.0,8.24,2,355030811A,False,1.0,0.7311320754716981,0.6447669977081741,0.7589961370483014,cobertura_baixa_73.11%
5185-10,5185-10,Term. Guarapiranga - Term. Pq. D. Pedro Ii,0.6940639269406392,21.935,167,14.25,15.0,10.27,2,355030808A,False,1.0,0.6940639269406392,0.7062643239113827,0.7589112606437345,cobertura_baixa_69.41%
2727-10,2727-10,Metrô Artur Alvim - Conj. A. E. Carvalho,0.6105263157894737,9.36,228,4.0,6.0,11.95,1,355030818A,True,1.0,0.6105263157894737,0.8449197860962567,0.7587390937236138,cobertura_baixa_61.05%
6039-21,6039-21,Term. Capelinha - Cohab Jd. São Bento,0.8632478632478633,11.51,95,10.0,15.0,9.21,1,355030863A,True,1.0,0.8632478632478633,0.4232238349885409,0.758591082120494,cobertura_baixa_86.32%
8023-10,8023-10,Cdhu Munck - Term. Vl. Sônia,0.8791208791208791,9.190000000000001,88,30.0,27.5,10.71,2,355030896A,False,1.0,0.8791208791208791,0.3949579831932773,0.7580478345184227,cobertura_baixa_87.91%; headway_pico_alto_30.0min
4012-10,4012-10,Jd. Iguatemi - Term. São Mateus,0.6049382716049383,8.030000000000001,232,7.5,16.25,9.36,2,355030864A,False,1.0,0.6049382716049383,0.8514132925897632,0.757893123579398,cobertura_baixa_60.49%
978T-10,978T-10,Jd. Guarani - Metrô Barra Funda,0.5266272189349113,17.115000000000002,396,5.25,6.0,10.05,2,355030878A,False,1.0,0.5266272189349113,0.9809014514896868,0.7575840449143616,cobertura_baixa_52.66%
1705-51,1705-51,Cem. Pq. Da Cantareira - Metrô Tucuruvi,1.0,7.824999999999999,28,30.0,,7.824999999999999,2,355030813A,False,0.9781249999999999,1.0,0.20626432391138275,0.7575042971734147,headway_pico_alto_30.0min
6801-51,6801-51,Jd. Ibirapuera - Term. João Dias,1.0,6.734999999999999,60,30.0,30.0,9.275,2,355030809A,False,0.8418749999999999,1.0,0.29640947288006114,0.7572978418640184,headway_pico_alto_30.0min
5759-31,5759-31,Pq. Primavera - Metrô Conceição,0.7109375,12.844999999999999,156,13.5,18.75,8.969999999999999,2,355030820B,False,1.0,0.7109375,0.6722689075630253,0.7571494222689075,cobertura_baixa_71.09%
1732-10,1732-10,Vl. Sabrina - Term. Amaral Gurgel,0.7486338797814208,18.41,140,17.5,16.25,9.7,2,355030811A,False,1.0,0.7486338797814208,0.6088617265087853,0.7569754578433461,cobertura_baixa_74.86%; headway_pico_alto_17.5min
3390-10,3390-10,São Mateus - Term. Pq. D. Pedro Ii,0.7246963562753036,23.490000000000002,149,18.75,18.75,10.575,2,355030869A,False,1.0,0.7246963562753036,0.6482047364400305,0.756809599069661,cobertura_baixa_72.47%; headway_pico_alto_18.8min
172U-10,172U-10,Cem. Pq. Dos Pinheiros - Mooca,0.6733067729083665,25.130000000000003,175,13.0,18.75,8.235,2,355030811A,False,1.0,0.6733067729083665,0.7330022918258212,0.7565540740019296,cobertura_baixa_67.33%
6053-10,6053-10,Jd. Ellus - Term. Grajaú,0.8095238095238095,10.265,114,20.0,20.0,10.305,2,355030844A,False,1.0,0.8095238095238095,0.5019098548510313,0.7553348612172142,cobertura_baixa_80.95%; headway_pico_alto_20.0min
546J-10,546J-10,Jd. Selma - Sto. Amaro,0.717741935483871,12.05,150,14.25,15.0,9.405,2,355030865A,False,1.0,0.717741935483871,0.6516424751718869,0.7543637102935015,cobertura_baixa_71.77%
2023-41,2023-41,Jd. Labitary - Metrô Tucuruvi,0.9901960784313726,10.835,20,52.5,,9.08,2,355030827B,False,1.0,0.9901960784313726,0.19213139801375095,0.7527374586198117,headway_pico_alto_52.5min
5108-21,5108-21,Jd. Celeste - Metrô Alto Do Ipiranga,0.9488636363636364,17.43,47,20.0,20.0,11.62,1,355030832A,True,1.0,0.9488636363636364,0.26012223071046603,0.7524684873949581,headway_pico_alto_20.0min
2076-10,2076-10,Jd. Das Oliveiras - Term. Penha,0.7737704918032787,29.53,124,18.75,20.0,12.57,2,355030886A,False,1.0,0.7737704918032787,0.5511841100076394,0.7522404789039312,cobertura_baixa_77.38%; headway_pico_alto_18.8min
938P-10,938P-10,Jd. Tereza - Metrô Barra Funda,0.6344827586206897,15.125,193,10.5,12.0,10.73,2,355030878A,False,1.0,0.6344827586206897,0.7830404889228418,0.7521535259871974,cobertura_baixa_63.45%
7050-10,7050-10,Jd. Das Rosas - Term. Campo Limpo,0.6923076923076923,7.86,165,13.0,17.5,9.07,2,355030895A,False,0.9825,0.6923076923076923,0.6970970206264324,0.7517829523417758,cobertura_baixa_69.23%
4113-10,4113-10,Gentil De Moura - Pça. Da República,0.680952380952381,20.87,166,6.0,6.0,8.58,1,355030871A,True,1.0,0.680952380952381,0.7020626432391138,0.7510949834479246,cobertura_baixa_68.10%
273R-10,273R-10,Jd. Robru - Metrô Artur Alvim,0.6527777777777778,14.145,179,13.5,15.0,11.614999999999998,2,355030818A,False,1.0,0.6527777777777778,0.7467532467532467,0.7504148629148628,cobertura_baixa_65.28%
2703-10,2703-10,Jd. Etelvina - Metrô Itaquera,0.5054945054945055,8.61,442,4.5,6.0,8.74,2,355030868A,False,1.0,0.5054945054945055,0.9908326967150497,0.7499970617617677,cobertura_baixa_50.55%
6092-10,6092-10,Jd. Das Pedras - Term. Grajaú,0.7349397590361446,8.155000000000001,138,12.75,20.0,9.735,2,355030844A,False,1.0,0.7349397590361446,0.6046600458365164,0.7488678932690271,cobertura_baixa_73.49%
5759-10,5759-10,Pq. Primavera - Metrô Conceição,0.7033898305084746,12.094999999999999,152,15.0,20.0,8.870000000000001,2,355030865A,False,1.0,0.7033898305084746,0.6569900687547746,0.7487919358806696,cobertura_baixa_70.34%
106A-10,106A-10,Metrô Santana - Itaim Bibi,0.5,14.56,468,4.25,5.25,8.55,2,355030833A,False,1.0,0.5,0.9946524064171123,0.7483957219251336,cobertura_baixa_50.00%
5033-10,5033-10,Vl. Brasilina - Term. Sacomã,0.9375,7.205,70,30.0,30.0,8.25,2,355030832A,False,0.900625,0.9375,0.33040488922841865,0.7479964667685256,headway_pico_alto_30.0min
8004-10,8004-10,Hab. Turística - Term. Lapa,0.8129032258064516,15.335,108,20.0,27.5,11.805,2,355030851A,False,1.0,0.8129032258064516,0.4698242933537051,0.7473989009093374,cobertura_baixa_81.29%; headway_pico_alto_20.0min
546J-31,546J-31,Jd. Selma - Sto. Amaro,0.6728971962616822,9.99,166,12.0,12.75,8.545,2,355030865A,False,1.0,0.6728971962616822,0.7020626432391138,0.7470673911025751,cobertura_baixa_67.29%
407G-10,407G-10,Jd. Nova Vitória - Metrô Carrão,0.5589519650655022,22.705,257,9.0,11.5,12.16,2,355030859A,False,1.0,0.5589519650655022,0.8903743315508021,0.7465882819979917,cobertura_baixa_55.90%
577T-10,577T-10,Jd. Miriam - Metrô Ana Rosa,0.8208955223880597,19.76,104,25.0,20.0,9.475,2,355030808A,False,1.0,0.8208955223880597,0.45263559969442324,0.7462384411023568,cobertura_baixa_82.09%; headway_pico_alto_25.0min
1701-22,1701-22,Jova Rural - Metrô Tucuruvi,1.0,6.61,51,9.0,,9.67,2,355030813A,False,0.82625,1.0,0.2696715049656226,0.7461514514896868,
N203-11,N203-11,Metrô Tucuruvi - Term. Pq. D. Pedro Ii,1.0,11.8,14,,,22.805,2,355030811A,False,1.0,1.0,0.15278838808250572,0.7458365164247518,
9166-10,9166-10,Cachoeirinha - Jd. Sta. Cruz,1.0,6.55,52,20.0,20.0,10.62,1,355030872A,True,0.81875,1.0,0.27310924369747897,0.7456827731092437,headway_pico_alto_20.0min
8018-10,8018-10,Vl. Sônia - Metrô Morumbi,0.9402985074626866,13.29,45,30.0,30.0,10.78,1,355030846A,True,1.0,0.9402985074626866,0.25133689839572193,0.74555032325006,headway_pico_alto_30.0min
6823-10,6823-10,Jd. Guarujá - Term. Capelinha,0.8804347826086957,8.219999999999999,76,30.0,30.0,10.219999999999999,2,355030889A,False,1.0,0.8804347826086957,0.34988540870893814,0.7451830139170292,cobertura_baixa_88.04%; headway_pico_alto_30.0min
1778-10,1778-10,Jd. Cabuçu - Metrô Santana,0.9601449275362319,27.41,34,30.0,45.0,9.09,1,355030813A,True,1.0,0.9601449275362319,0.21657754010695188,0.7450457258002015,headway_pico_alto_30.0min
6816-10,6816-10,Jd. Mitsutani - Term. Capelinha,0.8163265306122449,5.465,154,15.0,16.25,7.175000000000001,2,355030895A,False,0.683125,0.8163265306122449,0.6653934300993124,0.7444062943359162,cobertura_baixa_81.63%
702U-10,702U-10,Cid. Universitária - Term. Pq. D. Pedro Ii,0.7180851063829787,19.715,142,15.0,15.0,13.02,2,355030853A,False,1.0,0.7180851063829787,0.6168831168831169,0.7441074882564245,cobertura_baixa_71.81%
476L-10,476L-10,Metrô Vl. Mariana - Lar Esc. São Francisco,0.9905660377358491,10.41,15,60.0,60.0,10.07,1,355030808A,True,1.0,0.9905660377358491,0.1627196333078686,0.7440989088602852,headway_pico_alto_60.0min
5107-10,5107-10,Term. Sacomã - Pça. Do Correio,0.7788461538461539,11.125,116,18.75,20.0,10.175,2,355030871A,False,1.0,0.7788461538461539,0.5148968678380443,0.7438921372744902,cobertura_baixa_77.88%; headway_pico_alto_18.8min
5391-10,5391-10,Jd. âNgela - Lgo. São Francisco,0.6395348837209303,25.314999999999998,179,12.25,11.5,12.73,2,355030834A,False,1.0,0.6395348837209303,0.7467532467532467,0.7437934158864392,cobertura_baixa_63.95%
6116-10,6116-10,Jd. Prainha - Term. Grajaú,0.696969696969697,6.415,193,10.0,15.0,8.395,2,355030844A,False,0.801875,0.696969696969697,0.7830404889228418,0.7437719951617011,cobertura_baixa_69.70%
978L-10,978L-10,Term. Cachoeirinha - Term. Princ. Isabel,0.8560606060606061,13.45,85,27.5,30.0,9.415,2,355030860A,False,1.0,0.8560606060606061,0.3850267379679144,0.7435383244206775,cobertura_baixa_85.61%; headway_pico_alto_27.5min
7012-10,7012-10,Pq. Do Lago - Term. Guarapiranga,0.7166666666666667,11.855,142,14.25,18.75,8.83,2,355030824A,False,1.0,0.7166666666666667,0.6168831168831169,0.7433982683982685,cobertura_baixa_71.67%
6015-10,6015-10,Vl. Calú - Jd. âNgela,0.7988826815642458,17.75,110,12.0,12.0,8.52,1,355030858A,True,1.0,0.7988826815642458,0.479755538579068,0.7433680023558433,cobertura_baixa_79.89%
5020-10,5020-10,Hosp. Heliópolis - Term. Sacomã,0.7692307692307693,2.98,317,6.0,8.0,6.83,2,355030871A,False,0.3725,0.7692307692307693,0.9472880061115355,0.7433017864488454,cobertura_baixa_76.92%
6970-10,6970-10,Term. Grajaú - Term. Sto. Amaro,0.7264957264957265,11.87,137,16.25,20.0,12.675,2,355030852A,False,1.0,0.7264957264957265,0.599694423223835,0.7431561902150137,cobertura_baixa_72.65%; headway_pico_alto_16.2min
6008-10,6008-10,Jd. Planalto - Est. Sto. Amaro/guido Caloi,0.6162790697674418,8.86,193,10.0,15.0,8.735,2,355030809A,False,1.0,0.6162790697674418,0.7830404889228418,0.7430516815605734,cobertura_baixa_61.63%
4055-10,4055-10,Cptm Guaianases - Vl. Solange,1.0,3.41,118,8.0,12.0,8.18,1,355030884A,True,0.42625,1.0,0.5252100840336135,0.7428130252100841,
6120-10,6120-10,Jd. Lucélia - Term. Grajaú,0.7323943661971831,6.865,160,11.5,20.0,9.17,2,355030844A,False,0.858125,0.7323943661971831,0.6822001527883881,0.742482228935108,cobertura_baixa_73.24%
2023-42,2023-42,Jd. Nova Paris - Metrô Tucuruvi,1.0,20.66,13,30.0,,11.17,1,355030813A,True,1.0,1.0,0.14094728800611153,0.7422841864018335,headway_pico_alto_30.0min
4006-21,4006-21,Jd. Nova Vitória - Circular,1.0,8.14,13,30.0,,10.62,1,355030880A,True,1.0,1.0,0.14094728800611153,0.7422841864018335,headway_pico_alto_30.0min
8400-10,8400-10,Term. Pirituba - Pça. Ramos De Azevedo,0.5369127516778524,14.92,277,7.0,8.25,10.855,2,355030878A,False,1.0,0.5369127516778524,0.9125286478227654,0.7422149701857559,cobertura_baixa_53.69%
6061-10,6061-10,Jd. Marilda - Term. Grajaú,0.6190476190476191,10.33,189,9.5,15.0,10.885,2,355030844A,False,1.0,0.6190476190476191,0.7754010695187166,0.7421441303794245,cobertura_baixa_61.90%
178L-10,178L-10,Lauzane Paulista - Hosp. Das Clínicas,0.6464646464646465,18.48,174,13.5,12.75,10.024999999999999,2,355030811A,False,1.0,0.6464646464646465,0.7288006111535523,0.7418725065783889,cobertura_baixa_64.65%
9162-10,9162-10,Vl. Penteado - Term. Casa Verde,0.9580838323353293,16.56,30,60.0,30.0,9.55,1,355030872A,True,1.0,0.9580838323353293,0.20893812070282658,0.7417233523785127,headway_pico_alto_60.0min
809H-10,809H-10,Jd. Boa Vista - Lapa,0.8162393162393162,22.9,102,25.0,20.0,11.17,2,355030801A,False,1.0,0.8162393162393162,0.4449961802902979,0.7416185122067476,cobertura_baixa_81.62%; headway_pico_alto_25.0min
8700-10,8700-10,Term. Campo Limpo - Pça. Ramos De Azevedo,0.5418994413407822,18.314999999999998,266,7.0,8.0,11.405,2,355030846A,False,1.0,0.5418994413407822,0.9014514896867838,0.7413851675764263,cobertura_baixa_54.19%
8060-10,8060-10,Vl. Piauí - Term. Lapa,0.8455284552845529,12.7,88,20.0,30.0,10.120000000000001,2,355030822A,False,1.0,0.8455284552845529,0.3949579831932773,0.7412516226002597,cobertura_baixa_84.55%; headway_pico_alto_20.0min
5143-10,5143-10,Term. Sapopemba - Term. Pq. D. Pedro Ii,0.8191489361702128,18.725,100,25.0,20.0,12.365,2,355030869A,False,1.0,0.8191489361702128,0.43888464476699773,0.7412398615152056,cobertura_baixa_81.91%; headway_pico_alto_25.0min
3004-10,3004-10,Jd. São Martinho - Cptm Vl. Mara/itaim,0.8962264150943396,10.48,63,17.5,20.0,11.23,1,355030881A,True,1.0,0.8962264150943396,0.3090145148968678,0.7408175620162303,cobertura_baixa_89.62%; headway_pico_alto_17.5min
N101-11,N101-11,Term. Lapa - Term. Pq. D. Pedro Ii,0.9711538461538461,10.719999999999999,18,,,20.125,2,355030878A,False,1.0,0.9711538461538461,0.18372803666921314,0.740695334077687,
8677-10,8677-10,Jd. Líbano - Lgo. Do Paissandu,0.7288135593220338,23.845,134,18.75,20.0,11.58,2,355030851A,False,1.0,0.7288135593220338,0.5851795263559969,0.739960637567816,cobertura_baixa_72.88%; headway_pico_alto_18.8min
8600-10,8600-10,Term. Pirituba - Lgo. Do Paissandu,0.6293706293706294,13.879999999999999,179,8.5,17.5,11.105,2,355030878A,False,1.0,0.6293706293706294,0.7467532467532467,0.7387112887112888,cobertura_baixa_62.94%
5013-31,5013-31,Jd. Miriam - Sto. Amaro,0.8303571428571429,10.82,92,18.75,20.0,8.79,2,355030865A,False,1.0,0.8303571428571429,0.4117647058823529,0.7387079831932772,cobertura_baixa_83.04%; headway_pico_alto_18.8min
5103-10,5103-10,Term. Sacomã - Moema,0.6927374301675978,17.76,146,6.5,8.0,10.25,1,355030808A,True,1.0,0.6927374301675978,0.6390374331550802,0.738079945030323,cobertura_baixa_69.27%
178T-10,178T-10,Metrô Santana - Ceasa,0.684,23.59,150,15.0,15.0,11.094999999999999,2,355030822A,False,1.0,0.684,0.6516424751718869,0.737492742551566,cobertura_baixa_68.40%
263C-10,263C-10,Jd. Helena - Cohab Ii,0.8177570093457944,21.355,96,30.0,30.0,11.335,2,355030881A,False,1.0,0.8177570093457944,0.4274255156608098,0.7371061593711401,cobertura_baixa_81.78%; headway_pico_alto_30.0min
N207-11,N207-11,Term. Casa Verde - Term. Pq. D. Pedro Ii,0.9821428571428571,11.21,14,,,21.035,2,355030860A,False,1.0,0.9821428571428571,0.15278838808250572,0.7369079449961802,
8707-10,8707-10,Rio Pequeno - Term. Princ. Isabel,0.7724867724867724,19.119999999999997,114,18.75,20.0,12.075,2,355030801A,False,1.0,0.7724867724867724,0.5019098548510313,0.7368163426986956,cobertura_baixa_77.25%; headway_pico_alto_18.8min
5178-10,5178-10,Jd. Miriam - Pça. João Mendes,0.7081545064377682,22.645,140,17.5,17.5,10.785,2,355030828A,False,1.0,0.7081545064377682,0.6088617265087853,0.7367357711715197,cobertura_baixa_70.82%; headway_pico_alto_17.5min
647A-10,647A-10,Valo Velho - Pinheiros,0.7173144876325088,28.39,136,18.75,18.75,9.940000000000001,2,355030814A,False,1.0,0.7173144876325088,0.5935828877005348,0.7367321101264148,cobertura_baixa_71.73%; headway_pico_alto_18.8min
5175-10,5175-10,Baln. São Francisco - Pça. Da Sé,0.5595238095238095,24.96,234,10.75,10.0,9.74,2,355030865A,False,1.0,0.5595238095238095,0.8563789152024446,0.736675579322638,cobertura_baixa_55.95%
857C-10,857C-10,Term. Campo Limpo - Metrô Conceição,0.7327188940092166,21.135,130,20.0,20.0,10.615,2,355030814A,False,1.0,0.7327188940092166,0.5676088617265088,0.7366421055225609,cobertura_baixa_73.27%; headway_pico_alto_20.0min
809R-10,809R-10,Rio Pequeno - Term. Pinheiros,0.9261083743842364,20.1,43,25.0,25.0,12.18,1,355030801A,True,1.0,0.9261083743842364,0.24446142093200918,0.7363926134717209,headway_pico_alto_25.0min
546L-10,546L-10,Jd. Luso - Term. Sto. Amaro,0.6459627329192547,15.129999999999999,168,12.0,15.0,9.895,2,355030865A,False,1.0,0.6459627329192547,0.7100840336134454,0.736006576543661,cobertura_baixa_64.60%
N704-11,N704-11,Term. Capelinha - Term. Sto. Amaro,0.9615384615384616,9.415,18,,,20.505000000000003,2,355030814A,False,1.0,0.9615384615384616,0.18372803666921314,0.7358876417699947,
971C-10,971C-10,Cohab Brasilândia - Metrô Santana,0.6451612903225806,18.325000000000003,168,15.0,14.25,9.685,2,355030872A,False,1.0,0.6451612903225806,0.7100840336134454,0.735605855245324,cobertura_baixa_64.52%
263J-10,263J-10,Penha - Conj. José Bonifácio,0.6698113207547169,20.88,155,15.0,16.25,12.280000000000001,2,355030868A,False,1.0,0.6698113207547169,0.6684491978609626,0.7354404197356472,cobertura_baixa_66.98%
4717-10,4717-10,Jd. Maria Estela - Metrô Saúde,0.9470588235294117,16.82,28,60.0,45.0,10.19,1,355030832A,True,1.0,0.9470588235294117,0.20626432391138275,0.7354087089381207,headway_pico_alto_60.0min
N435-11,N435-11,Term. Cid. Tiradentes - Metalúrgicos,1.0,9.5,9,,,18.39,1,355030820A,True,1.0,1.0,0.11726508785332315,0.735179526355997,
N436-11,N436-11,Term. Cid. Tiradentes - Barro Branco,1.0,9.23,9,,,19.78,1,355030820A,True,1.0,1.0,0.11726508785332315,0.735179526355997,
N540-11,N540-11,Term. Sapopemba - Jd. São Roberto,1.0,8.96,9,,,16.8,1,355030875A,True,1.0,1.0,0.11726508785332315,0.735179526355997,
314J-10,314J-10,Pq. Sta. Madalena - Pça. Almeida Jr.,0.8101851851851852,21.355,98,27.5,22.5,10.8,2,355030822B,False,1.0,0.8101851851851852,0.4327731092436975,0.734924525365702,cobertura_baixa_81.02%; headway_pico_alto_27.5min
5757-51,5757-51,Pedreira - Metrô Conceição,0.6511627906976745,13.22,165,13.5,15.0,8.615,2,355030870A,False,1.0,0.6511627906976745,0.6970970206264324,0.734710501536767,cobertura_baixa_65.12%
4706-10,4706-10,Jd. Maria Estela Ii - Metrô Vl. Mariana,0.875,16.585,68,30.0,37.5,9.04,2,355030856A,False,1.0,0.875,0.3227654698242933,0.7343296409472879,cobertura_baixa_87.50%; headway_pico_alto_30.0min
8252-10,8252-10,Metrô Barra Funda - Lapa,0.9516129032258065,18.44,22,60.0,60.0,10.74,1,355030878A,True,1.0,0.9516129032258065,0.19480519480519481,0.7342480100544617,headway_pico_alto_60.0min
4718-10,4718-10,Jd. Celeste - Metrô Sta. Cruz,0.9461538461538461,25.87,27,45.0,60.0,11.94,1,355030832A,True,1.0,0.9461538461538461,0.20244461420932008,0.7338103073397191,headway_pico_alto_45.0min
7062-31,7062-31,Inocoop Campo Limpo - Term. Campo Limpo,1.0,2.825,122,15.0,20.0,7.58,2,355030895A,False,0.353125,1.0,0.5439266615737204,0.7338029984721162,
778R-10,778R-10,Cohab Raposo Tavares - Term. Princ. Isabel,0.6611570247933884,24.3,158,15.0,15.0,12.885,2,355030896A,False,1.0,0.6611570247933884,0.6772345301757067,0.7337488714494063,cobertura_baixa_66.12%
2017-10,2017-10,Jd. Robru - São Miguel,0.8309859154929577,14.05,87,11.0,12.0,10.28,1,355030881A,True,1.0,0.8309859154929577,0.3919022154316272,0.733063622375967,cobertura_baixa_83.10%
273N-10,273N-10,Cid. Kemel Ii - Metrô Vl. Matilde,0.6851851851851852,25.945,145,16.25,16.25,12.705,2,355030810A,False,1.0,0.6851851851851852,0.634453781512605,0.732928727046374,cobertura_baixa_68.52%; headway_pico_alto_16.2min
1773-10,1773-10,Cem. Pq. Dos Pinheiros - Mandaqui,0.7404580152671756,12.895,121,20.0,20.0,8.18,2,355030813A,False,1.0,0.7404580152671756,0.5385790679908327,0.7318027280308377,cobertura_baixa_74.05%; headway_pico_alto_20.0min
3013-10,3013-10,Term. Cid. Tiradentes - Metalúrgicos,1.0,5.92,54,20.0,25.0,8.26,1,355030820A,True,0.74,1.0,0.27883880825057294,0.7316516424751719,headway_pico_alto_20.0min
3773-10,3773-10,Res. Sta. Bárbara - Metrô Carrão,0.6485148514851485,20.225,163,12.75,20.0,13.129999999999999,2,355030864A,False,1.0,0.6485148514851485,0.6909854851031322,0.7315530712735139,cobertura_baixa_64.85%
7053-21,7053-21,Jd. Maria Sampaio - Term. Campo Limpo,1.0,2.32,132,15.0,20.0,6.625,2,355030895A,False,0.29,1.0,0.577922077922078,0.7313766233766235,
6960-10,6960-10,Term. Varginha - Term. Sto. Amaro,0.5502958579881657,16.485,233,8.25,13.5,14.274999999999999,2,355030852A,False,1.0,0.5502958579881657,0.854087089381207,0.731374055808445,cobertura_baixa_55.03%
2080-10,2080-10,Cid. Kemel - Term. Aricanduva,0.6589147286821705,25.89,156,14.25,18.75,12.780000000000001,2,355030898A,False,1.0,0.6589147286821705,0.6722689075630253,0.7311380366099929,cobertura_baixa_65.89%
605A-10,605A-10,Centro Paralimpico - Metrô Jabaquara,1.0,4.3,92,10.0,10.0,5.86,1,355030870A,True,0.5375,1.0,0.4117647058823529,0.7310294117647059,
475R-10,475R-10,Jd. São Savério - Term. Pq. D. Pedro Ii,0.7073170731707317,20.490000000000002,135,16.25,20.0,9.21,2,355030808A,False,1.0,0.7073170731707317,0.5897631779984721,0.7305874899849074,cobertura_baixa_70.73%; headway_pico_alto_16.2min
2732-10,2732-10,Metrô Artur Alvim - Vl. Regina,0.6021505376344086,9.19,183,6.0,7.5,10.81,1,355030818A,True,1.0,0.6021505376344086,0.7643239113827349,0.7303724422320248,cobertura_baixa_60.22%
N239-11,N239-11,Metrô Tucuruvi - Vl. Nova Galvão,1.0,14.01,7,,,22.12,1,355030813A,True,1.0,1.0,0.10007639419404125,0.7300229182582123,
N532-11,N532-11,Term. Sapopemba - Hosp. São Mateus,1.0,11.11,7,,,20.83,1,355030816A,True,1.0,1.0,0.10007639419404125,0.7300229182582123,
809T-10,809T-10,Cohab Raposo Tavares - Lapa,0.8654708520179372,22.02,68,37.5,30.0,12.215,2,355030801A,False,1.0,0.8654708520179372,0.3227654698242933,0.7295650669562566,cobertura_baixa_86.55%; headway_pico_alto_37.5min
9051-10,9051-10,Lapa - Term. Pinheiros,0.8181818181818182,8.09,90,22.5,22.5,9.61,2,355030853A,False,1.0,0.8181818181818182,0.40106951871657753,0.7294117647058824,cobertura_baixa_81.82%; headway_pico_alto_22.5min
6016-41,6016-41,Jd. Porto Velho - Term. Grajaú,0.6290322580645161,6.13,244,7.0,13.5,8.72,2,355030844A,False,0.76625,0.6290322580645161,0.8708938120702827,0.7290342726533429,cobertura_baixa_62.90%
647P-10,647P-10,Cohab Adventista - Term. Pinheiros,0.6652719665271967,23.479999999999997,151,18.75,15.0,8.780000000000001,2,355030814A,False,1.0,0.6652719665271967,0.6543162719633308,0.7289308648525976,cobertura_baixa_66.53%; headway_pico_alto_18.8min
3019-10,3019-10,Term. Cid. Tiradentes - Vl. Paulista I,1.0,5.07,74,15.0,20.0,9.51,1,355030802A,True,0.63375,1.0,0.33995416348357527,0.7287362490450726,
273F-10,273F-10,Vl. Mara - Metrô Itaquera,0.8591549295774648,13.58,70,30.0,45.0,10.51,2,355030868A,False,1.0,0.8591549295774648,0.33040488922841865,0.7286989315572581,cobertura_baixa_85.92%; headway_pico_alto_30.0min
9009-10,9009-10,Cohab Brasilândia - Term. Cachoeirinha,0.5363636363636364,11.415,242,8.5,10.0,9.084999999999999,2,355030817A,False,1.0,0.5363636363636364,0.8666921313980137,0.7281894576012222,cobertura_baixa_53.64%
4742-10,4742-10,Jd. Clímax - Metrô São Judas,0.8755980861244019,20.74,61,17.5,20.0,12.2,1,355030856A,True,1.0,0.8755980861244019,0.3009931245225363,0.7280969804189619,cobertura_baixa_87.56%; headway_pico_alto_17.5min
7053-22,7053-22,Jd. Maria Sampaio - Term. Campo Limpo,1.0,2.795,118,15.0,20.0,7.140000000000001,2,355030895A,False,0.349375,1.0,0.5252100840336135,0.727438025210084,
4709-10,4709-10,Jd. São Savério - Metrô Vl. Mariana,0.8071428571428572,13.425,92,30.0,25.0,8.254999999999999,2,355030856A,False,1.0,0.8071428571428572,0.4117647058823529,0.7271008403361345,cobertura_baixa_80.71%; headway_pico_alto_30.0min
5110-24,5110-24,São Mateus - Term. Vl. Prudente,0.8809523809523809,13.155000000000001,58,17.5,15.0,13.4,2,355030869A,False,1.0,0.8809523809523809,0.28838808250572956,0.7269926152279094,cobertura_baixa_88.10%; headway_pico_alto_17.5min
3785-10,3785-10,Cohab Barro Branco - Metrô Itaquera,0.63,19.515,167,13.5,16.25,12.405000000000001,2,355030820A,False,1.0,0.63,0.7062643239113827,0.7268792971734148,cobertura_baixa_63.00%
4491-10,4491-10,Vl. Liviero - Term. Pq. D. Pedro Ii,0.8010471204188482,18.68,94,22.5,25.0,11.265,2,355030856A,False,1.0,0.8010471204188482,0.42016806722689076,0.7265739803774913,cobertura_baixa_80.10%; headway_pico_alto_22.5min
9785-10,9785-10,Vl. Terezinha - Metrô Barra Funda,0.5472972972972973,14.945,224,8.5,12.0,10.95,2,355030860A,False,1.0,0.5472972972972973,0.839572192513369,0.7255203064026594,cobertura_baixa_54.73%
6027-10,6027-10,Jd. Grauna - Term. Sto. Amaro,0.5661764705882353,13.475,205,9.0,13.5,10.585,2,355030852A,False,1.0,0.5661764705882353,0.807868601986249,0.7254488158899923,cobertura_baixa_56.62%
6826-10,6826-10,Jd. D. José - Term. Capelinha,0.8142857142857143,6.115,124,18.75,20.0,8.725,2,355030863A,False,0.764375,0.8142857142857143,0.5511841100076394,0.725373090145149,cobertura_baixa_81.43%; headway_pico_alto_18.8min
2290-10,2290-10,Term. São Mateus - Term. Pq. D. Pedro Ii,0.46511627906976744,23.61,377,6.0,6.0,9.3,2,355030859A,False,1.0,0.46511627906976744,0.975553857906799,0.7252242969069234,cobertura_baixa_46.51%
5164-10,5164-10,Vl. Sta. Catarina - Pq. Ibirapuera,0.8557377049180328,30.3,71,17.5,15.0,10.16,1,355030808A,True,0.985,0.8557377049180328,0.33346065699006877,0.724907049556037,cobertura_baixa_85.57%; headway_pico_alto_17.5min
4725-10,4725-10,Vl. Brasilina - Shop. Ibirapuera,0.9051383399209486,25.18,42,25.0,30.0,11.71,1,355030832A,True,1.0,0.9051383399209486,0.2410236822001528,0.7248762746205202,headway_pico_alto_25.0min
6041-21,6041-21,Term. João Dias - Jd. Monte Azul,1.0,6.43,33,30.0,30.0,11.35,1,355030814A,True,0.80375,1.0,0.2131398013750955,0.7246919404125287,headway_pico_alto_30.0min
6358-10,6358-10,Jd. Luso - Term. Bandeira,0.5550660792951542,23.195,213,10.5,12.0,11.585,2,355030828A,False,1.0,0.5550660792951542,0.8235294117647058,0.7245918631769888,cobertura_baixa_55.51%
3778-10,3778-10,Jd. Sta. Terezinha - Metrô Carrão,0.5367647058823529,13.61,232,9.0,11.5,10.620000000000001,2,355030859A,False,1.0,0.5367647058823529,0.8514132925897632,0.7238063407181055,cobertura_baixa_53.68%
8500-10,8500-10,Term. Pirituba - Metrô Barra Funda,0.53,10.105,240,7.0,10.5,10.925,2,355030878A,False,1.0,0.53,0.8621084797555386,0.7236325439266615,cobertura_baixa_53.00%
6037-10,6037-10,Jd. Mitsutani - Term. Capelinha,0.8095238095238095,8.28,88,11.0,15.0,6.54,1,355030863A,True,1.0,0.8095238095238095,0.3949579831932773,0.723249299719888,cobertura_baixa_80.95%
3459-10,3459-10,Itaim Paulista - Term. Pq. D. Pedro Ii,0.5922619047619048,34.2,262,11.0,8.0,13.075,2,355030881A,False,0.7899999999999998,0.5922619047619048,0.8957219251336899,0.7228475299210593,cobertura_baixa_59.23%
3027-10,3027-10,Cptm Guaianases - Shop. Aricanduva,0.7010869565217391,18.555,131,15.0,20.0,11.105,2,355030801B,False,1.0,0.7010869565217391,0.573720397249809,0.7226595974358123,cobertura_baixa_70.11%
3787-10,3787-10,Cid. Tiradentes - Metrô Itaquera,0.6180904522613065,19.1,168,13.5,15.0,11.36,2,355030820A,False,1.0,0.6180904522613065,0.7100840336134454,0.7220704362146868,cobertura_baixa_61.81%
695Y-42,695Y-42,Term. Parelheiros - Term. Est. Varginha,0.45454545454545453,9.745000000000001,405,5.75,5.75,12.625,2,355030807A,False,1.0,0.45454545454545453,0.9824293353705118,0.7220015278838807,cobertura_baixa_45.45%
607C-10,607C-10,Jd. Miriam - Itaim Bibi,0.4503311258278146,14.754999999999999,436,4.0,5.75,9.055,2,355030828A,False,1.0,0.4503311258278146,0.9893048128342246,0.7219570067641747,cobertura_baixa_45.03%
5110-41,5110-41,São Mateus - Metrô Tamanduateí,0.8875739644970414,16.57,47,25.0,30.0,14.635000000000002,2,355030869A,False,1.0,0.8875739644970414,0.26012223071046603,0.7218236514616605,cobertura_baixa_88.76%; headway_pico_alto_25.0min
5119-23,5119-23,Term. João Dias - Instituto Lucy Montoro,1.0,6.44,27,45.0,30.0,8.05,1,355030814A,True,0.805,1.0,0.20244461420932008,0.7217333842627961,headway_pico_alto_45.0min
8021-10,8021-10,Jd. Maria Luiza - Butantã,0.9214659685863874,18.98,27,45.0,60.0,12.38,1,355030801A,True,1.0,0.9214659685863874,0.20244461420932008,0.7214663685559897,headway_pico_alto_45.0min
1760-10,1760-10,Cohab Antártica - Shop. Center Norte,0.795774647887324,13.915,92,25.0,30.0,8.695,2,355030811A,False,1.0,0.795774647887324,0.4117647058823529,0.7214167357083678,cobertura_baixa_79.58%; headway_pico_alto_25.0min
6059-10,6059-10,Jd. Universal - Sto. Amaro,0.6724137931034483,13.085,142,13.5,17.5,9.614999999999998,2,355030809A,False,1.0,0.6724137931034483,0.6168831168831169,0.7212718316166593,cobertura_baixa_67.24%
6076-10,6076-10,Jd. Progresso - Term. Sto. Amaro,0.547945205479452,14.3,212,8.5,12.0,9.684999999999999,2,355030852A,False,1.0,0.547945205479452,0.8216195569136746,0.7204584698138283,cobertura_baixa_54.79%
5024-10,5024-10,Missionária - Sto. Amaro,0.6283185840707964,10.645,162,11.0,17.5,8.855,2,355030865A,False,1.0,0.6283185840707964,0.6875477463712758,0.720423615946781,cobertura_baixa_62.83%
174M-10,174M-10,Vl. Sabrina - Museu Do Ipiranga,0.7768595041322314,22.835,100,27.5,30.0,8.74,2,355030879A,False,1.0,0.7768595041322314,0.43888464476699773,0.720095145496215,cobertura_baixa_77.69%; headway_pico_alto_27.5min
3063-41,3063-41,Guaianases - Term. São Mateus,0.9421965317919075,17.91,15,37.5,,11.62,2,355030884A,False,1.0,0.9421965317919075,0.1627196333078686,0.7199141558883144,headway_pico_alto_37.5min
N138-11,N138-11,Term. Cachoeirinha - Jd. Princesa,1.0,14.91,5,,,20.8,1,355030817A,True,1.0,1.0,0.06608097784568373,0.7198242933537051,
N341-11,N341-11,Term. São Miguel - Vl. Cisper (cptm Usp),1.0,19.14,5,,,26.71,1,355030848A,True,1.0,1.0,0.06608097784568373,0.7198242933537051,
N437-11,N437-11,Cptm Guaianases - Term. Cid. Tiradentes,1.0,23.29,5,,,19.41,1,355030802A,True,1.0,1.0,0.06608097784568373,0.7198242933537051,
N441-11,N441-11,Term. Cid. Tiradentes - Vl. Yolanda,1.0,19.15,5,,,19.81,1,355030802A,True,1.0,1.0,0.06608097784568373,0.7198242933537051,
3761-10,3761-10,3a. Divisão - Metrô Carrão,0.5943396226415094,20.880000000000003,177,12.75,15.0,12.41,2,355030864A,False,1.0,0.5943396226415094,0.7387318563789153,0.7187893682344293,cobertura_baixa_59.43%
6812-10,6812-10,Jd. Capela - Jd. Angela,0.82,19.86,79,15.0,15.0,9.31,1,355030858A,True,1.0,0.82,0.36210847975553856,0.7186325439266616,cobertura_baixa_82.00%
2028-10,2028-10,Vl. Ayrosa - Metrô Tucuruvi,0.7886178861788617,12.015,92,27.5,30.0,8.4,2,355030813A,False,1.0,0.7886178861788617,0.4117647058823529,0.7178383548541367,cobertura_baixa_78.86%; headway_pico_alto_27.5min
6805-10,6805-10,Term. Capelinha - Term. João Dias,0.7974683544303798,6.734999999999999,114,20.0,20.0,7.485,2,355030814A,False,0.8418749999999999,0.7974683544303798,0.5019098548510313,0.7176821336704993,cobertura_baixa_79.75%; headway_pico_alto_20.0min
9653-10,9653-10,Pedra Branca - Pça. Do Correio,0.7121212121212122,19.1,121,18.75,20.0,10.49,2,355030872A,False,1.0,0.7121212121212122,0.5385790679908327,0.717634326457856,cobertura_baixa_71.21%; headway_pico_alto_18.8min
3739-10,3739-10,Recanto Verde Sol - Metrô Itaquera,0.5066666666666667,14.58,252,8.25,11.5,10.845,2,355030880A,False,1.0,0.5066666666666667,0.880061115355233,0.7173516679399032,cobertura_baixa_50.67%
702C-10,702C-10,Jd. Bonfiglioli - Metrô Belém,0.6637931034482759,23.4,142,15.0,15.0,11.61,2,355030853A,False,1.0,0.6637931034482759,0.6168831168831169,0.716961486789073,cobertura_baixa_66.38%
6110-10,6110-10,Conj. Hab. Palmares - Aeroporto,0.6026785714285714,21.205,170,13.5,14.25,11.59,2,355030852A,False,1.0,0.6026785714285714,0.7173414820473644,0.7165417303284951,cobertura_baixa_60.27%
2010-10,2010-10,Pq. Edu Chaves - Shop. D,0.6456692913385826,12.815,148,16.25,16.25,9.435,2,355030811A,False,1.0,0.6456692913385826,0.6447669977081741,0.7162647449817436,cobertura_baixa_64.57%; headway_pico_alto_16.2min
1730-10,1730-10,Center Norte - Metrô Santana,0.7195121951219512,6.3149999999999995,153,12.0,15.0,10.34,2,355030811A,False,0.7893749999999999,0.7195121951219512,0.6615737203972498,0.7161032136801505,cobertura_baixa_71.95%
3064-41,3064-41,Term. Cid. Tiradentes - Sta. Etelvina Ii B6,1.0,5.94,36,30.0,30.0,8.49,1,355030802A,True,0.7425,1.0,0.2238349885408709,0.7156504965622612,headway_pico_alto_30.0min
6451-10,6451-10,Term. Capelinha - Term. Bandeira,0.458128078817734,20.205,320,7.75,6.0,11.004999999999999,2,355030814A,False,1.0,0.458128078817734,0.9511077158135982,0.7143963541529463,cobertura_baixa_45.81%
6035-10,6035-10,Vl. Gilda - Sto. Amaro,0.5631578947368421,18.985,189,12.0,14.25,8.45,2,355030834A,False,1.0,0.5631578947368421,0.7754010695187166,0.7141992682240359,cobertura_baixa_56.32%
342M-10,342M-10,Term. São Mateus - Term. Penha,0.44171779141104295,16.325,376,6.0,5.5,10.260000000000002,2,355030859A,False,1.0,0.44171779141104295,0.9747899159663865,0.7132958704954373,cobertura_baixa_44.17%
1786-10,1786-10,Vl. Albertina - Metrô Santana,0.4891304347826087,9.155000000000001,260,7.25,10.0,11.445,2,355030811A,False,1.0,0.4891304347826087,0.8938120702826585,0.712708838476102,cobertura_baixa_48.91%
748A-41,748A-41,Jd. Peri Peri - Lapa,0.8611111111111112,18.1,52,45.0,37.5,11.614999999999998,2,355030801A,False,1.0,0.8611111111111112,0.27310924369747897,0.7124883286647992,cobertura_baixa_86.11%; headway_pico_alto_45.0min
3742-10,3742-10,Jd. Laranjeira - Metrô Itaquera,0.5284552845528455,12.100000000000001,216,9.5,12.0,11.905000000000001,2,355030801B,False,1.0,0.5284552845528455,0.8273491214667685,0.7124323787164533,cobertura_baixa_52.85%
3737-10,3737-10,Metrô Guilhermina/esperança - Shop.aricanduva,0.6033519553072626,17.71,166,6.0,10.0,12.5,1,355030859A,True,1.0,0.6033519553072626,0.7020626432391138,0.7122947706253655,cobertura_baixa_60.34%
6450-10,6450-10,Term. Capelinha - Term. Bandeira,0.46859903381642515,20.494999999999997,288,9.0,7.5,11.305,2,355030814A,False,1.0,0.46859903381642515,0.9239877769289534,0.7114958499868986,cobertura_baixa_46.86%
273J-10,273J-10,Jd. Romano - Metrô Penha,0.6758893280632411,24.535,132,18.75,20.0,11.915,2,355030848A,False,1.0,0.6758893280632411,0.577922077922078,0.711321287408244,cobertura_baixa_67.59%; headway_pico_alto_18.8min
715M-10,715M-10,Jd. Maria Luiza - Lgo. Da Pólvora,0.6041666666666666,18.619999999999997,165,14.25,15.0,9.985,2,355030801A,False,1.0,0.6041666666666666,0.6970970206264324,0.7112124395212631,cobertura_baixa_60.42%
2722-31,2722-31,Metrô Guilhermina/esperança - Jd. Verônia,0.6815642458100558,17.79,130,7.5,10.0,14.62,1,355030886A,True,1.0,0.6815642458100558,0.5676088617265088,0.7110647814229805,cobertura_baixa_68.16%
8008-10,8008-10,Hab. Turística - Term. Pirituba,0.6956521739130435,9.094999999999999,122,16.25,20.0,9.95,2,355030851A,False,1.0,0.6956521739130435,0.5439266615737204,0.7110040854286379,cobertura_baixa_69.57%; headway_pico_alto_16.2min
6806-10,6806-10,Jd. Novo Oriente - Term. João Dias,0.9210526315789473,3.715,118,20.0,20.0,5.699999999999999,2,355030814A,False,0.464375,0.9210526315789473,0.5252100840336135,0.7109643409995577,headway_pico_alto_20.0min
3722-10,3722-10,Cohab José Bonifácio - Metrô Itaquera,0.8111111111111111,8.754999999999999,76,27.5,30.0,12.725000000000001,2,355030801B,False,1.0,0.8111111111111111,0.34988540870893814,0.710521178168237,cobertura_baixa_81.11%; headway_pico_alto_27.5min
8083-10,8083-10,Cid. Universitária - Metrô Butantã,0.6,7.845000000000001,169,15.0,15.0,13.04,2,355030853A,False,0.9806250000000001,0.6,0.713903743315508,0.7102961229946524,cobertura_baixa_60.00%
9181-10,9181-10,Vl. Terezinha - Lapa,0.4396551724137931,11.57,347,5.25,6.5,10.600000000000001,2,355030878A,False,1.0,0.4396551724137931,0.9648586707410237,0.7092851874292037,cobertura_baixa_43.97%
5128-10,5128-10,Jd. Apurá - Metrô Conceição,0.5316455696202531,16.22,206,11.0,14.25,9.55,2,355030828A,False,1.0,0.5316455696202531,0.8105423987776929,0.7089855044434343,cobertura_baixa_53.16%
5701-10,5701-10,Metrô Conceição - Term. áGua Espraiada,0.5603448275862069,12.73,182,12.75,14.25,8.635,2,355030820B,False,1.0,0.5603448275862069,0.7608861726508785,0.708438265588367,cobertura_baixa_56.03%
6805-31,6805-31,Term. Capelinha - Term. João Dias,0.8108108108108109,7.18,92,22.5,25.0,8.620000000000001,2,355030814A,False,0.8975,0.8108108108108109,0.4117647058823529,0.7084348171701113,cobertura_baixa_81.08%; headway_pico_alto_22.5min
1018-10,1018-10,Vl. Rosa - Metrô Santana,0.5480769230769231,10.245000000000001,192,11.0,12.75,10.215,2,355030879A,False,1.0,0.5480769230769231,0.780366692131398,0.708148469177881,cobertura_baixa_54.81%
4708-10,4708-10,Jd. Clímax - Metrô Vl. Mariana,0.7444444444444445,8.77,104,20.0,20.0,7.63,2,355030832A,False,1.0,0.7444444444444445,0.45263559969442324,0.7080129021305492,cobertura_baixa_74.44%; headway_pico_alto_20.0min
3009-10,3009-10,Itaim Paulista - Cptm Itaim Paulista,1.0,3.745,84,30.0,30.0,8.969999999999999,2,355030810A,False,0.468125,1.0,0.3804430863254393,0.7077579258976319,headway_pico_alto_30.0min
771P-10,771P-10,Jd. João Xxiii - Term. Pinheiros,0.8740740740740741,26.86,40,30.0,30.0,12.89,1,355030896A,True,1.0,0.8740740740740741,0.23567608861726508,0.7077398636222165,cobertura_baixa_87.41%; headway_pico_alto_30.0min
701U-10,701U-10,Metrô Santana - Cid. Universitária,0.7630522088353414,23.835,94,25.0,27.5,12.07,2,355030853A,False,1.0,0.7630522088353414,0.42016806722689076,0.7075765245857379,cobertura_baixa_76.31%; headway_pico_alto_25.0min
2711-10,2711-10,Ponte Rasa - Metrô Patriarca,0.6181818181818182,5.1,267,6.5,11.0,9.56,2,355030886A,False,0.6375,0.6181818181818182,0.9029793735676088,0.7074847211611917,cobertura_baixa_61.82%
N744-11,N744-11,Term. João Dias - Jd. Vaz De Lima,0.975,11.9,5,,,17.85,1,355030814A,True,1.0,0.975,0.06608097784568373,0.7073242933537052,
6L08-10,6L08-10,Jd. São Nicolau - Hosp. Parelheiros,0.8333333333333334,11.26,61,20.0,20.0,9.79,1,355030867A,True,1.0,0.8333333333333334,0.3009931245225363,0.7069646040234276,cobertura_baixa_83.33%; headway_pico_alto_20.0min
5652-10,5652-10,Jd. Iv Centenário - Pça. Da Sé,0.7549019607843137,29.815,96,30.0,20.0,12.305,2,355030845A,False,1.0,0.7549019607843137,0.4274255156608098,0.7056786350903999,cobertura_baixa_75.49%; headway_pico_alto_30.0min
4735-10,4735-10,São Mateus   - Jd. Vera Cruz,0.8431372549019608,10.04,54,25.0,20.0,9.13,1,355030864A,True,1.0,0.8431372549019608,0.27883880825057294,0.7052202699261523,cobertura_baixa_84.31%; headway_pico_alto_25.0min
N406-11,N406-11,Term. Cid. Tiradentes - Term. São Mateus,0.9,9.99,18,,,20.33,2,355030864A,False,1.0,0.9,0.18372803666921314,0.705118411000764,
N740-11,N740-11,Term. Jd. âNgela - Jd. Riviera,0.9704142011834319,16.72,5,,,17.91,1,355030824A,True,1.0,0.9704142011834319,0.06608097784568373,0.7050313939454211,
208M-10,208M-10,Metrô Santana - Term. Pinheiros,0.6265060240963856,15.649999999999999,145,15.0,15.0,9.774999999999999,2,355030860A,False,1.0,0.6265060240963856,0.634453781512605,0.7035891465019743,cobertura_baixa_62.65%
N209-11,N209-11,Term. Cachoeirinha - Metrô Santana,0.8961038961038961,8.07,18,,,17.939999999999998,2,355030872A,False,1.0,0.8961038961038961,0.18372803666921314,0.7031703590527121,cobertura_baixa_89.61%
7040-10,7040-10,Paraisópolis - Pinheiros,0.4485981308411215,10.86,291,6.0,10.5,9.190000000000001,2,355030894A,False,1.0,0.4485981308411215,0.9270435446906035,0.7024121288277418,cobertura_baixa_44.86%
4037-10,4037-10,Term. Vl. Carrão - Circular,0.85,13.81,46,30.0,20.0,9.21,1,355030859A,True,1.0,0.85,0.25630252100840334,0.701890756302521,cobertura_baixa_85.00%; headway_pico_alto_30.0min
809U-21,809U-21,Metrô Barra Funda - Metrô Vila Madalena,0.6415094339622641,4.875,240,8.0,10.5,7.15,2,355030878A,False,0.609375,0.6415094339622641,0.8621084797555386,0.7012622609077936,cobertura_baixa_64.15%
373T-10,373T-10,Jd. Itápolis - Metrô Bresser,0.44387755102040816,19.564999999999998,295,7.25,9.0,11.44,2,355030869A,False,1.0,0.44387755102040816,0.93048128342246,0.7010831605369421,cobertura_baixa_44.39%
1783-22,1783-22,Jd. Labitary - Metrô Santana,0.9919354838709677,12.24,3,30.0,,12.04,1,355030827B,True,1.0,0.9919354838709677,0.01680672268907563,0.7010097587422066,headway_pico_alto_30.0min
407P-10,407P-10,Term. Cid. Tiradentes - Metrô Tatuapé,0.5107913669064749,27.17,210,10.0,13.5,13.95,2,355030868A,False,1.0,0.5107913669064749,0.8177998472116119,0.7007356376167211,cobertura_baixa_51.08%
971R-21,971R-21,Jd. Damasceno - Metrô Santana,0.9375,12.67,8,25.0,,8.94,1,355030872A,True,1.0,0.9375,0.10618792971734148,0.7006063789152024,headway_pico_alto_25.0min
177H-10,177H-10,Metrô Santana - Cid. Universitária,0.6889763779527559,25.845,117,18.75,20.0,10.775,2,355030860A,False,1.0,0.6889763779527559,0.5202444614209321,0.7005615274026575,cobertura_baixa_68.90%; headway_pico_alto_18.8min
695V-10,695V-10,Term. Capelinha - Metrô Ana Rosa,0.6994219653179191,17.509999999999998,114,22.5,22.5,11.42,2,355030808A,False,1.0,0.6994219653179191,0.5019098548510313,0.700283939114269,cobertura_baixa_69.94%; headway_pico_alto_22.5min
6291-10,6291-10,Inocoop Campo Limpo - Term. Bandeira,0.5720524017467249,23.2,169,13.5,12.0,9.280000000000001,2,355030894A,False,1.0,0.5720524017467249,0.713903743315508,0.7001973238680148,cobertura_baixa_57.21%
6200-10,6200-10,Term. Sto. Amaro - Term. Bandeira,0.4101123595505618,18.08,411,4.5,5.75,11.77,2,355030809A,False,1.0,0.4101123595505618,0.9831932773109243,0.7000141629685581,cobertura_baixa_41.01%
8013-10,8013-10,Term. Jd. Britania - Lapa,0.44221105527638194,18.310000000000002,293,6.0,10.0,16.805,2,355030808B,False,1.0,0.44221105527638194,0.9285714285714286,0.6996769562096196,cobertura_baixa_44.22%
2726-10,2726-10,Limoeiro - Metrô Penha,0.49635036496350365,13.585,223,10.0,10.5,11.02,2,355030886A,False,1.0,0.49635036496350365,0.8372803666921314,0.6993592924893912,cobertura_baixa_49.64%
2678-10,2678-10,Oliveirinha - Term. Pq. D. Pedro Ii,0.6363636363636364,32.51,162,15.0,15.0,11.835,2,355030881A,False,0.8745,0.6363636363636364,0.6875477463712758,0.699346142093201,cobertura_baixa_63.64%
6118-10,6118-10,Jd. Icaraí - Term. Sto. Amaro,0.5419354838709678,15.2,182,10.5,15.0,11.885000000000002,2,355030852A,False,1.0,0.5419354838709678,0.7608861726508785,0.6992335937307474,cobertura_baixa_54.19%
519L-10,519L-10,Vl. Liviero - Metrô São Judas,0.8798076923076923,20.65,23,20.0,30.0,15.49,1,355030856A,True,1.0,0.8798076923076923,0.19671504965622613,0.6989183610507139,cobertura_baixa_87.98%; headway_pico_alto_20.0min
4002-10,4002-10,Guaianases - Term. Vl. Carrão,0.7022222222222222,22.104999999999997,112,25.0,22.5,11.215,2,355030868A,False,1.0,0.7022222222222222,0.4900687547746371,0.6981317375435023,cobertura_baixa_70.22%; headway_pico_alto_25.0min
N538-11,N538-11,Term. Sacomã - Jd. Celeste,0.9560975609756097,20.39,5,,,23.99,1,355030832A,True,1.0,0.9560975609756097,0.06608097784568373,0.69787307384151,
407J-10,407J-10,Jd. Soares - Metrô Tatuapé,0.519163763066202,29.3,198,12.5,16.25,11.18,2,355030868A,False,1.0,0.519163763066202,0.7937356760886173,0.6977025843596862,cobertura_baixa_51.92%
509M-10,509M-10,Jd. Miriam - Term. Princ. Isabel,0.6610878661087866,23.285,126,15.0,18.75,12.93,2,355030833A,False,1.0,0.6610878661087866,0.5557677616501145,0.6972742615494276,cobertura_baixa_66.11%
3160-10,3160-10,Term. Vl. Prudente - Term. Pq. D. Pedro Ii,0.43209876543209874,8.325,299,6.75,6.25,9.165,2,355030857A,False,1.0,0.43209876543209874,0.9373567608861727,0.6972564109819013,cobertura_baixa_43.21%
6036-51,6036-51,Jd. Macedônia - Hosp. Campo Limpo,0.9117647058823529,16.85,12,,30.0,10.87,1,355030895A,True,1.0,0.9117647058823529,0.13521772345301758,0.6964476699770817,
576M-10,576M-10,Vl. Clara - Pinheiros,0.6324786324786325,23.86,137,17.5,15.0,9.504999999999999,2,355030820B,False,1.0,0.6324786324786325,0.599694423223835,0.6961476432064668,cobertura_baixa_63.25%; headway_pico_alto_17.5min
5318-10,5318-10,Chác. Santana - Pça. Da Sé,0.563265306122449,25.07,169,14.25,12.0,11.765,2,355030808A,False,1.0,0.563265306122449,0.713903743315508,0.6958037760558768,cobertura_baixa_56.33%
550P-10,550P-10,Term. Vl. Prudente - Metrô Brás,0.6823529411764706,8.495000000000001,116,17.5,18.75,12.745000000000001,2,355030871A,False,1.0,0.6823529411764706,0.5148968678380443,0.6956455309396485,cobertura_baixa_68.24%; headway_pico_alto_17.5min
273D-10,273D-10,Pq. D. João Nery - Metrô Artur Alvim,0.6577540106951871,17.965,125,18.75,22.5,12.83,2,355030881A,False,1.0,0.6577540106951871,0.5542398777692895,0.6951489686783805,cobertura_baixa_65.78%; headway_pico_alto_18.8min
8549-10,8549-10,Taipas - Pça. Do Correio,0.6639344262295082,24.61,122,22.5,20.0,11.015,2,355030878A,False,1.0,0.6639344262295082,0.5439266615737204,0.6951452115868701,cobertura_baixa_66.39%; headway_pico_alto_22.5min
6338-10,6338-10,Jd. Miriam - Pq. Ibirapuera,0.8672839506172839,32.22,54,20.0,20.0,10.45,1,355030808A,True,0.889,0.8672839506172839,0.27883880825057294,0.6950936177838138,cobertura_baixa_86.73%; headway_pico_alto_20.0min
7005-10,7005-10,Jd. Vera Cruz - Jd. âNgela,0.7677419354838709,15.38,81,12.0,17.5,8.71,1,355030858A,True,1.0,0.7677419354838709,0.3705118411000764,0.6950245200719585,cobertura_baixa_76.77%
1787-10,1787-10,Vl. Marieta - Metrô Santana,0.5921052631578947,7.630000000000001,164,12.75,14.25,10.78,2,355030811A,False,0.9537500000000001,0.5921052631578947,0.693659281894576,0.6949004161473202,cobertura_baixa_59.21%
N403-11,N403-11,Term. Cid. Tiradentes - Metrô Itaquera,0.8950617283950617,16.045,14,,,22.134999999999998,2,355030868A,False,1.0,0.8950617283950617,0.15278838808250572,0.6933673806222826,cobertura_baixa_89.51%
819A-10,819A-10,Cptm Vl. Aurora - Jd. Primavera,0.43386243386243384,19.265,281,7.25,10.0,9.415,2,355030872A,False,1.0,0.43386243386243384,0.9186401833460657,0.6925232719350366,cobertura_baixa_43.39%
476G-10,476G-10,Jd. Elba - Ibirapuera,0.7857142857142857,27.22,70,30.0,30.0,11.2,2,355030822B,False,1.0,0.7857142857142857,0.33040488922841865,0.6919786096256684,cobertura_baixa_78.57%; headway_pico_alto_30.0min
5018-10,5018-10,Shop. Interlagos - Jabaquara,0.5957446808510638,14.95,148,15.5,15.0,9.715,2,355030828A,False,1.0,0.5957446808510638,0.6447669977081741,0.6913024397379841,cobertura_baixa_59.57%; headway_pico_alto_15.5min
2552-10,2552-10,Vl. Mara - Term. Pq. D. Pedro Ii,0.5471014492753623,27.46,173,13.5,15.5,11.575,2,355030848A,False,1.0,0.5471014492753623,0.725362872421696,0.69115958636419,cobertura_baixa_54.71%
958P-10,958P-10,Jd. Nardini - Vl. Olímpia,0.7922077922077922,29.285,65,45.0,45.0,10.655,2,355030808B,False,1.0,0.7922077922077922,0.3139801375095493,0.6902979373567609,cobertura_baixa_79.22%; headway_pico_alto_45.0min
N431-11,N431-11,Term. São Mateus - Jd. Limoeiro,0.9612403100775194,25.65,4,,,17.69,1,355030880A,True,1.0,0.9612403100775194,0.03208556149732621,0.6902458234879576,
N535-11,N535-11,Term. Sacomã - Jd. Celeste,0.9701492537313433,26.69,3,,,21.64,1,355030856A,True,1.0,0.9701492537313433,0.01680672268907563,0.6901166436723943,
3789-10,3789-10,Cid. Tiradentes - Metrô Itaquera,0.4482758620689655,19.755000000000003,254,8.75,10.5,12.105,2,355030820A,False,1.0,0.4482758620689655,0.8861726508785333,0.6899897262980428,cobertura_baixa_44.83%
6083-10,6083-10,Jd. Eliana - Term. Grajaú,0.6721311475409836,5.96,160,12.25,20.0,8.305,2,355030844A,False,0.745,0.6721311475409836,0.6822001527883881,0.6897256196070083,cobertura_baixa_67.21%
6817-10,6817-10,Jd. São Bento - Term. Capelinha,0.82,4.765000000000001,120,20.0,20.0,6.76,2,355030863A,False,0.5956250000000001,0.82,0.5343773873185638,0.6894382161955691,cobertura_baixa_82.00%; headway_pico_alto_20.0min
3020-10,3020-10,Cohab José Bonifácio  - Shop. Aricanduva,0.7150837988826816,18.325000000000003,100,20.0,27.5,11.52,2,355030859A,False,1.0,0.7150837988826816,0.43888464476699773,0.6892072928714401,cobertura_baixa_71.51%; headway_pico_alto_20.0min
675R-10,675R-10,Grajaú - Metrô Jabaquara,0.75,23.740000000000002,84,27.5,30.0,11.305,2,355030820B,False,1.0,0.75,0.3804430863254393,0.6891329258976318,cobertura_baixa_75.00%; headway_pico_alto_27.5min
5012-10,5012-10,Vl. Guacuri - Jabaquara,0.4246575342465753,14.695,285,6.5,10.0,10.805,2,355030828A,False,1.0,0.4246575342465753,0.9209320091673033,0.6886083698734786,cobertura_baixa_42.47%
6815-10,6815-10,Jd. Comercial - Term. Capelinha,0.8292682926829268,3.925,134,15.0,20.0,6.385,2,355030863A,False,0.490625,0.8292682926829268,0.5851795263559969,0.6883130042482625,cobertura_baixa_82.93%
2523-10,2523-10,Vl. Progresso - Term. A. E. Carvalho,0.7127659574468085,8.690000000000001,100,20.0,20.0,9.76,2,355030818A,False,1.0,0.7127659574468085,0.43888464476699773,0.6880483721535036,cobertura_baixa_71.28%; headway_pico_alto_20.0min
4210-10,4210-10,Term. Cid. Tiradentes - Term. Pq. D. Pedro Ii,0.5487012987012987,30.225,170,14.25,16.25,12.915,2,355030864A,False,0.9887499999999999,0.5487012987012987,0.7173414820473644,0.6873030939648587,cobertura_baixa_54.87%
N244-11,N244-11,Metrô Tucuruvi - Jd. Flor De Maio,0.9345794392523364,21.26,5,,,19.93,1,355030813A,True,1.0,0.9345794392523364,0.06608097784568373,0.6871140129798734,
1788-31,1788-31,Jd. Fontalis - Metrô Santana,0.8880597014925373,13.33,13,42.5,,9.485,2,355030879A,False,1.0,0.8880597014925373,0.14094728800611153,0.6863140371481021,cobertura_baixa_88.81%; headway_pico_alto_42.5min
N734-11,N734-11,Term. Capelinha - Valo Velho,0.9310344827586207,14.39,5,,,17.99,1,355030863A,True,1.0,0.9310344827586207,0.06608097784568373,0.6853415347330154,
2720-31,2720-31,Jd. Belém - Metrô Guilhermina/esperança,0.7235772357723578,11.985,92,25.0,20.0,12.52,2,355030876A,False,1.0,0.7235772357723578,0.4117647058823529,0.6853180296508847,cobertura_baixa_72.36%; headway_pico_alto_25.0min
9789-10,9789-10,Jd. Paulistano - Metrô Barra Funda,0.4375,13.565000000000001,256,7.5,10.0,10.435,2,355030860A,False,1.0,0.4375,0.8884644766997708,0.6852893430099312,cobertura_baixa_43.75%
N731-11,N731-11,Term. Capelinha - Term. Sto. Amaro,0.8991596638655462,10.6,9,,,19.814999999999998,2,355030814A,False,1.0,0.8991596638655462,0.11726508785332315,0.6847593582887701,cobertura_baixa_89.92%
6091-10,6091-10,Vargem Grande - Term. Sto. Amaro,0.4966442953020134,30.21,198,10.75,14.25,13.865,2,355030807A,False,0.9894999999999999,0.4966442953020134,0.7937356760886173,0.6843428504775919,cobertura_baixa_49.66%
3112-10,3112-10,Vl. Industrial - Metrô Belém,0.5166666666666667,17.525,180,12.0,15.0,10.49,2,355030869A,False,1.0,0.5166666666666667,0.7532467532467533,0.6843073593073594,cobertura_baixa_51.67%
9032-21,9032-21,Jd. Damasceno - Term. Cachoeirinha,1.0,5.84,10,20.0,,10.31,1,355030817A,True,0.73,1.0,0.12757830404889228,0.6842734912146677,headway_pico_alto_20.0min
8610-10,8610-10,Jd. Paulo Vi - Term. Bandeira,0.6804979253112033,27.72,110,22.5,20.0,12.99,2,355030896A,False,1.0,0.6804979253112033,0.479755538579068,0.684175624229322,cobertura_baixa_68.05%; headway_pico_alto_22.5min
5028-10,5028-10,Conj. Hab. Heliópolis - Metrô Alto Do Ipiranga,0.8100358422939068,27.71,48,25.0,30.0,11.88,1,355030871A,True,1.0,0.8100358422939068,0.2624140565317036,0.6837421381064646,cobertura_baixa_81.00%; headway_pico_alto_25.0min
3021-10,3021-10,Pq. Bancário - Term. Vl Prudente,0.7525773195876289,9.344999999999999,78,30.0,30.0,10.585,2,355030869A,False,1.0,0.7525773195876289,0.3575248281130634,0.6835461082277334,cobertura_baixa_75.26%; headway_pico_alto_30.0min
175P-10,175P-10,Metrô Santana - Ana Rosa,0.510548523206751,22.244999999999997,182,12.0,13.5,9.59,2,355030860A,False,1.0,0.510548523206751,0.7608861726508785,0.6835401133986391,cobertura_baixa_51.05%
675M-10,675M-10,Centro Sesc - Metrô Jabaquara,0.6844919786096256,18.450000000000003,108,22.5,22.5,10.32,2,355030865A,False,1.0,0.6844919786096256,0.4698242933537051,0.6831932773109244,cobertura_baixa_68.45%; headway_pico_alto_22.5min
3721-10,3721-10,Metrô Artur Alvim - Shop. Aricanduva,0.6013986013986014,14.15,138,6.5,10.0,11.32,1,355030859A,True,1.0,0.6013986013986014,0.6046600458365164,0.6820973144502556,cobertura_baixa_60.14%
736G-10,736G-10,Jd. Ingá - Shop. Morumbi,0.6283783783783784,12.27,127,15.0,20.0,7.66,2,355030814A,False,1.0,0.6283783783783784,0.5576776165011459,0.681492474139533,cobertura_baixa_62.84%
2766-41,2766-41,Jd. Indaiá - Metrô Itaquera,0.9423076923076923,15.43,4,60.0,,13.04,1,355030848A,True,1.0,0.9423076923076923,0.03208556149732621,0.680779514603044,headway_pico_alto_60.0min
6820-10,6820-10,Jd. Das Rosas - Term. Capelinha,0.5254237288135594,5.715,279,8.75,7.25,7.585,2,355030863A,False,0.714375,0.5254237288135594,0.9159663865546218,0.6803767803731662,cobertura_baixa_52.54%
967A-10,967A-10,Imirim - Pinheiros,0.639344262295082,23.53,120,20.0,20.0,9.704999999999998,2,355030860A,False,1.0,0.639344262295082,0.5343773873185638,0.6799853473431101,cobertura_baixa_63.93%; headway_pico_alto_20.0min
5025-10,5025-10,Jd. Guairacá - Metrô Tamanduateí,0.5543478260869565,9.555,157,12.75,15.0,9.54,2,355030869A,False,1.0,0.5543478260869565,0.6753246753246753,0.6797713156408809,cobertura_baixa_55.43%
2724-10,2724-10,Metrô Artur Alvim - Conj. Araucária,0.5,7.25,216,4.5,6.0,11.45,1,355030818A,True,0.90625,0.5,0.8273491214667685,0.6794547364400305,cobertura_baixa_50.00%
745M-21,745M-21,Campo Limpo - Pq. Figueira Grande,0.8326996197718631,26.19,31,30.0,30.0,9.47,1,355030895A,True,1.0,0.8326996197718631,0.21008403361344538,0.6793750199699652,cobertura_baixa_83.27%; headway_pico_alto_30.0min
172K-10,172K-10,Jd. Tremembé - Metrô Tatuapé,0.4816753926701571,19.744999999999997,198,9.5,12.75,9.06,2,355030879A,False,1.0,0.4816753926701571,0.7937356760886173,0.6789583991616637,cobertura_baixa_48.17%
N735-11,N735-11,Term. Capelinha - Jd. Guarujá,0.9171597633136095,16.71,5,,,14.12,1,355030863A,True,1.0,0.9171597633136095,0.06608097784568373,0.6784041750105099,
930P-10,930P-10,Term. Pq. D. Pedro Ii - Term. Pinheiros,0.5,11.695,182,12.0,16.25,6.855,2,355030833A,False,1.0,0.5,0.7608861726508785,0.6782658517952636,cobertura_baixa_50.00%
N306-11,N306-11,Term. São Miguel - Metrô Itaquera,0.8461538461538461,10.254999999999999,18,,,20.225,2,355030868A,False,1.0,0.8461538461538461,0.18372803666921314,0.678195334077687,cobertura_baixa_84.62%
N337-11,N337-11,Term. São Miguel - Jd. Camargo Velho,0.9166666666666666,21.45,5,,,22.19,1,355030881A,True,1.0,0.9166666666666666,0.06608097784568373,0.6781576266870384,
172P-10,172P-10,Vl. Zilda - Metrô Belém,0.4372093023255814,21.235,241,8.5,10.0,9.165,2,355030813A,False,1.0,0.4372093023255814,0.8647822765469825,0.6780393341268854,cobertura_baixa_43.72%
9005-41,9005-41,Jd. Vista Alegre - Term. Cachoeirinha,1.0,5.02,17,20.0,,10.585,2,355030817A,False,0.6275,1.0,0.17456073338426278,0.6778682200152788,headway_pico_alto_20.0min
6818-10,6818-10,Jd. Vale Das Virtudes - Term. Capelinha,0.75,5.699999999999999,120,20.0,20.0,8.05,2,355030895A,False,0.7124999999999999,0.75,0.5343773873185638,0.6778132161955691,cobertura_baixa_75.00%; headway_pico_alto_20.0min
1767-10,1767-10,Pq. Edu Chaves - Metrô Tucuruvi,0.5526315789473685,7.984999999999999,156,13.5,15.0,9.29,2,355030879A,False,0.9981249999999999,0.5526315789473685,0.6722689075630253,0.6776214617425917,cobertura_baixa_55.26%
5370-10,5370-10,Term. Varginha - Lgo. São Francisco,0.5159235668789809,30.56,179,13.5,15.0,12.81,2,355030834A,False,0.9720000000000001,0.5159235668789809,0.7467532467532467,0.6763877574654644,cobertura_baixa_51.59%
1709-21,1709-21,Jd. Joamar - Metrô Tucuruvi,1.0,5.78,8,17.5,,7.88,1,355030813A,True,0.7225,1.0,0.10618792971734148,0.6763563789152025,headway_pico_alto_17.5min
5106-31,5106-31,Jd. Ubirajara - Metrô Ana Rosa,0.5555555555555556,25.25,153,15.5,15.0,9.96,2,355030808A,False,1.0,0.5555555555555556,0.6615737203972498,0.6762498938969528,cobertura_baixa_55.56%; headway_pico_alto_15.5min
5164-21,5164-21,Cid. Leonor - Pq. Ibirapuera,0.778169014084507,28.3,58,20.0,20.0,10.61,1,355030808A,True,1.0,0.778169014084507,0.28838808250572956,0.6756009317939724,cobertura_baixa_77.82%; headway_pico_alto_20.0min
1744-10,1744-10,Lauzane Paulista - Metrô Santana,0.49333333333333335,7.74,194,11.0,11.25,7.765000000000001,2,355030811A,False,0.9675,0.49333333333333335,0.7845683728036669,0.6755371785077667,cobertura_baixa_49.33%
5024-31,5024-31,Missionária - Sto. Amaro,0.5203252032520326,11.575,170,12.75,12.0,9.335,2,355030865A,False,1.0,0.5203252032520326,0.7173414820473644,0.6753650462402256,cobertura_baixa_52.03%
2032-10,2032-10,Jd. Brasil - Metrô Carandiru,0.7068965517241379,17.21,91,12.0,13.5,11.22,1,355030879A,True,1.0,0.7068965517241379,0.4052711993888464,0.6750296356787229,cobertura_baixa_70.69%
6020-10,6020-10,Chác. Bosque Do Sol - Parelheiros,1.0,4.71,19,60.0,45.0,7.64,1,355030807A,True,0.58875,1.0,0.1906035141329259,0.6749310542398778,headway_pico_alto_60.0min
546T-10,546T-10,Vl. Guacuri - Term. Sto. Amaro,0.4,14.35,279,7.75,10.0,9.645,2,355030834A,False,1.0,0.4,0.9159663865546218,0.6747899159663866,cobertura_baixa_40.00%
N832-11,N832-11,Term. Lapa - Pq. Continental,0.9094488188976378,25.26,5,,,26.59,1,355030822A,True,1.0,0.9094488188976378,0.06608097784568373,0.6745487028025241,
574A-10,574A-10,Americanópolis - Lgo. Cambuci,0.525,15.465,167,13.5,15.0,8.92,2,355030870A,False,1.0,0.525,0.7062643239113827,0.6743792971734148,cobertura_baixa_52.50%
N336-11,N336-11,Term. São Miguel - Jd. Camargo Velho,0.9086538461538461,20.62,5,,,21.33,1,355030881A,True,1.0,0.9086538461538461,0.06608097784568373,0.6741512164306283,
875C-1,875C-1,Term. Lapa - Metrô Sta. Cruz,0.6878306878306878,18.98,98,27.5,23.75,9.485,2,355030808A,False,1.0,0.6878306878306878,0.4327731092436975,0.6737472766884531,cobertura_baixa_68.78%; headway_pico_alto_27.5min
1742-10,1742-10,Jd. Antártica - Metrô Santana,0.49019607843137253,10.025,182,11.5,12.0,8.99,2,355030811A,False,1.0,0.49019607843137253,0.7608861726508785,0.6733638910109498,cobertura_baixa_49.02%
775A-10,775A-10,Jd. Adalgiza - Pinheiros,0.8100358422939068,27.74,37,30.0,30.0,11.17,1,355030801A,True,1.0,0.8100358422939068,0.22765469824293355,0.6733143306198335,cobertura_baixa_81.00%; headway_pico_alto_30.0min
8072-10,8072-10,Horto Do Ypê - Metrô Morumbi,0.5496688741721855,13.46,153,12.0,16.25,12.105,2,355030846A,False,1.0,0.5496688741721855,0.6615737203972498,0.6733065532052678,cobertura_baixa_54.97%
5119-10,5119-10,Term. Capelinha - Lgo. São Francisco,0.45414847161572053,22.75,210,12.0,11.75,9.265,2,355030814A,False,1.0,0.45414847161572053,0.8177998472116119,0.6724141899713438,cobertura_baixa_45.41%
6071-10,6071-10,Jd. Orion - Term. Sto. Amaro,0.5670731707317073,17.509999999999998,144,14.25,20.0,11.02,2,355030845A,False,1.0,0.5670731707317073,0.6287242169595111,0.672153850453707,cobertura_baixa_56.71%
4027-10,4027-10,Hosp. São Mateus - Jd. Sto. André,0.3565217391304348,11.075,387,5.25,6.0,10.5,2,355030864A,False,1.0,0.3565217391304348,0.9793735676088617,0.672072939847876,cobertura_baixa_35.65%
2704-10,2704-10,Jd. Robru - Metrô Itaquera,0.39655172413793105,11.025,275,7.25,10.0,10.684999999999999,2,355030868A,False,1.0,0.39655172413793105,0.9106187929717342,0.6714614999604858,cobertura_baixa_39.66%
6020-51,6020-51,Estr. Do Jusa - Parelheiros,0.9032258064516129,9.12,5,60.0,,11.64,1,355030807A,True,1.0,0.9032258064516129,0.06608097784568373,0.6714371965795116,headway_pico_alto_60.0min
4021-10,4021-10,Metrô Itaquera - Vl. Chuca,0.6370967741935484,12.27,115,7.5,15.0,11.69,1,355030801B,True,1.0,0.6370967741935484,0.5091673032849503,0.6712985780822593,cobertura_baixa_63.71%
N831-11,N831-11,Term. Lapa - Pq. Da Lapa,0.8859060402684564,14.71,6,,,21.53,1,355030822A,True,1.0,0.8859060402684564,0.09434682964094729,0.6712570690265124,cobertura_baixa_88.59%
2666-10,2666-10,Jd. Camargo Velho - Term. Pq. D. Pedro Ii,0.6234177215189873,31.465,133,18.75,20.0,11.805,2,355030810A,False,0.92675,0.6234177215189873,0.5805958747135218,0.6712376231735502,cobertura_baixa_62.34%; headway_pico_alto_18.8min
4007-10,4007-10,Cohab Juscelino - Term. Vl. Carrão,0.5683060109289617,18.035,143,15.0,20.0,11.085,2,355030801B,False,1.0,0.5683060109289617,0.6233766233766234,0.6711659924774678,cobertura_baixa_56.83%
9006-10,9006-10,Vl. Penteado - Term. Cachoeirinha,0.6585365853658537,4.075,202,10.0,12.0,8.17,2,355030872A,False,0.509375,0.6585365853658537,0.7998472116119175,0.6710974561665021,cobertura_baixa_65.85%
8622-10,8622-10,Morro Doce - Pça. Ramos De Azevedo,0.49673202614379086,29.86,178,12.75,15.0,14.725000000000001,2,355030808B,False,1.0,0.49673202614379086,0.741405653170359,0.6707877090230032,cobertura_baixa_49.67%
6505-10,6505-10,Term. Guarapiranga - Term. Bandeira,0.41711229946524064,19.035,246,9.5,9.0,11.42,2,355030834A,False,1.0,0.41711229946524064,0.8739495798319328,0.6707410236822002,cobertura_baixa_41.71%
3032-10,3032-10,Term. Vl. Carrão - Circular,0.782312925170068,14.56,48,30.0,20.0,9.29,1,355030859A,True,1.0,0.782312925170068,0.2624140565317036,0.6698806795445451,cobertura_baixa_78.23%; headway_pico_alto_30.0min
2009-10,2009-10,Jd. Robru - Cptm Guaianases,0.44776119402985076,6.42,318,5.75,10.0,10.025,2,355030884A,False,0.8025,0.44776119402985076,0.9491978609625669,0.6691399553036954,cobertura_baixa_44.78%
N102-11,N102-11,Term. Lapa - Term. Pq. D. Pedro Ii,0.8333333333333334,10.405000000000001,17,,,16.555,2,355030833A,False,1.0,0.8333333333333334,0.17456073338426278,0.6690348866819456,cobertura_baixa_83.33%
6062-51,6062-51,Jd. Castro Alves - Term. Sto. Amaro,0.5602836879432624,14.61,144,14.25,16.25,9.86,2,355030834A,False,1.0,0.5602836879432624,0.6287242169595111,0.6687591090594845,cobertura_baixa_56.03%
3721-41,3721-41,Shop. Aricanduva - Metrô Itaquera,0.3684210526315789,7.52,424,5.0,6.0,10.515,2,355030859A,False,0.94,0.3684210526315789,0.9862490450725745,0.6680852398375619,cobertura_baixa_36.84%
2772-10,2772-10,Jd. Nazaré - Metrô Penha,0.6586345381526104,23.810000000000002,106,22.5,22.5,12.495000000000001,2,355030881A,False,1.0,0.6586345381526104,0.46065699006875477,0.6675143660969316,cobertura_baixa_65.86%; headway_pico_alto_22.5min
6022-10,6022-10,Pq. Cerejeira - Jd. âNgela,0.7096774193548387,12.26,83,12.0,15.0,8.65,1,355030824A,True,1.0,0.7096774193548387,0.37509549274255155,0.6673673575001848,cobertura_baixa_70.97%
6455-10,6455-10,Term. Capelinha - Lgo. São Francisco,0.6527777777777778,21.445,108,20.0,22.5,12.879999999999999,2,355030808A,False,1.0,0.6527777777777778,0.4698242933537051,0.6673361768950004,cobertura_baixa_65.28%; headway_pico_alto_20.0min
2590-10,2590-10,União De Vl. Nova - Pq. D. Pedro Ii,0.48031496062992124,25.88,181,11.5,15.0,12.405000000000001,2,355030886A,False,1.0,0.48031496062992124,0.7570664629488159,0.6672774191996054,cobertura_baixa_48.03%
748A-10,748A-10,Jd. D'abril - Lapa,0.6973684210526315,16.41,88,22.5,22.5,11.7,2,355030801A,False,1.0,0.6973684210526315,0.3949579831932773,0.6671716054842989,cobertura_baixa_69.74%; headway_pico_alto_22.5min
2060-10,2060-10,Term. A. E. Carvalho - Metrô Artur Alvim,0.7961165048543689,20.43,38,30.0,30.0,12.38,1,355030818A,True,1.0,0.7961165048543689,0.23032849503437738,0.6671568009374977,cobertura_baixa_79.61%; headway_pico_alto_30.0min
8047-10,8047-10,Jaraguá - Lapa,0.5570776255707762,22.03,144,15.0,16.25,14.445,2,355030851A,False,1.0,0.5570776255707762,0.6287242169595111,0.6671560778732415,cobertura_baixa_55.71%
857P-10,857P-10,Term. Campo Limpo - Paraíso,0.4397905759162304,18.7,213,11.5,10.5,10.85,2,355030846A,False,1.0,0.4397905759162304,0.8235294117647058,0.666954111487527,cobertura_baixa_43.98%
6913-10,6913-10,Term. Varginha - Term. Bandeira,0.3945578231292517,29.645,264,7.5,11.0,12.675,2,355030834A,False,1.0,0.3945578231292517,0.8987776928953399,0.6669122194332278,cobertura_baixa_39.46%
2034-10,2034-10,Metrô Tietê - Centro Tea,1.0,3.09,60,15.0,12.5,9.76,1,355030812A,True,0.38625,1.0,0.29640947288006114,0.6661728418640184,
8028-10,8028-10,Paraisópolis - Metrô Morumbi,0.5480769230769231,10.620000000000001,146,15.0,16.25,9.065000000000001,2,355030894A,False,1.0,0.5480769230769231,0.6390374331550802,0.6657496914849856,cobertura_baixa_54.81%
407E-10,407E-10,Jd. Sto. André - Metrô Carrão,0.45147679324894513,23.244999999999997,202,13.5,13.5,14.25,2,355030864A,False,1.0,0.45147679324894513,0.7998472116119175,0.6656925601080479,cobertura_baixa_45.15%
2770-10,2770-10,Cptm José Bonifácio - Metrô Vl. Matilde,0.6887966804979253,24.32,90,27.5,30.0,11.455,2,355030881A,False,1.0,0.6887966804979253,0.40106951871657753,0.6647191958639359,cobertura_baixa_68.88%; headway_pico_alto_27.5min
573H-10,573H-10,Hosp. Sapopemba - Metrô Bresser,0.41346153846153844,19.65,236,8.5,12.0,10.915,2,355030869A,False,1.0,0.41346153846153844,0.8594346829640948,0.6645611741199977,cobertura_baixa_41.35%
N106-11,N106-11,Term. Pq. D. Pedro Ii - Metrô Barra Funda,0.8450704225352113,7.475,18,,,13.375,2,355030833A,False,0.934375,0.8450704225352113,0.18372803666921314,0.6645286222683695,cobertura_baixa_84.51%
8528-10,8528-10,Jd. Guarani - Pça. Do Correio,0.5364583333333334,18.905,151,14.25,20.0,9.87,2,355030860A,False,1.0,0.5364583333333334,0.6543162719633308,0.6645240482556659,cobertura_baixa_53.65%
N501-11,N501-11,Term. São Mateus - Term. Pq. D. Pedro Ii,0.8364485981308412,21.83,14,,,25.475,2,355030869A,False,1.0,0.8364485981308412,0.15278838808250572,0.6640608154901724,cobertura_baixa_83.64%
513C-10,513C-10,Vl. Califórnia - São Mateus,0.7074829931972789,14.280000000000001,80,30.0,30.0,9.96,2,355030822B,False,1.0,0.7074829931972789,0.36669213139801377,0.6637491360180436,cobertura_baixa_70.75%; headway_pico_alto_30.0min
917H-10,917H-10,Term. Pirituba - Metrô Vl. Mariana,0.40234375,25.65,247,10.5,8.0,10.125,2,355030822A,False,1.0,0.40234375,0.8750954927425516,0.6637005228227655,cobertura_baixa_40.23%
199D-10,199D-10,Conexão Vl. Iório - Term. Pinheiros,0.5030674846625767,15.565,167,12.0,13.5,10.395,2,355030878A,False,1.0,0.5030674846625767,0.7062643239113827,0.6634130395047031,cobertura_baixa_50.31%
509J-10,509J-10,Jd. Selma - Pq. Ibirapuera,0.5752212389380531,20.83,134,17.5,17.5,10.225,2,355030865A,False,1.0,0.5752212389380531,0.5851795263559969,0.6631644773758256,cobertura_baixa_57.52%; headway_pico_alto_17.5min
675L-10,675L-10,Term. Sto. Amaro - Metrô Sta. Cruz,0.6055045871559633,11.120000000000001,120,20.0,20.0,10.2,2,355030808A,False,1.0,0.6055045871559633,0.5343773873185638,0.6630655097735507,cobertura_baixa_60.55%; headway_pico_alto_20.0min
7001-10,7001-10,Vl. Gilda - Jd. âNgela,0.3627450980392157,10.09,300,6.25,10.0,9.405000000000001,2,355030824A,False,1.0,0.3627450980392157,0.9388846447669977,0.6630379424497073,cobertura_baixa_36.27%
4221-10,4221-10,Jd. Planalto - Term. Pq. D. Pedro Ii,0.6927374301675978,18.39,86,27.5,30.0,11.025,2,355030869A,False,1.0,0.6927374301675978,0.3884644766997708,0.6629080580937301,cobertura_baixa_69.27%; headway_pico_alto_27.5min
N833-11,N833-11,Term. Pinheiros - Ceasa,0.8858695652173914,18.26,5,,,25.48,1,355030822A,True,1.0,0.8858695652173914,0.06608097784568373,0.6627590759624008,cobertura_baixa_88.59%
719R-10,719R-10,Rio Pequeno - Metrô Barra Funda,0.5846994535519126,18.595,130,20.0,18.75,10.05,2,355030853A,False,1.0,0.5846994535519126,0.5676088617265088,0.6626323852939089,cobertura_baixa_58.47%; headway_pico_alto_20.0min
3046-10,3046-10,Vl. Guarani - Metrô Tatuapé,0.34710743801652894,12.055,345,5.5,7.0,10.335,2,355030869A,False,1.0,0.34710743801652894,0.9633307868601986,0.6625529550663241,cobertura_baixa_34.71%
N439-11,N439-11,Metrô Itaquera - Cohab Fazenda Do Carmo,0.9055944055944056,28.48,4,,,21.36,1,355030868A,True,1.0,0.9055944055944056,0.03208556149732621,0.6624228712464006,
N741-11,N741-11,Term. Capelinha - Valo Velho,0.8851351351351351,14.69,5,,,22.04,1,355030863A,True,1.0,0.8851351351351351,0.06608097784568373,0.6623918609212727,cobertura_baixa_88.51%
7059-10,7059-10,Pq. Do Engenho - Term. Campo Limpo,0.6774193548387096,9.09,92,27.5,30.0,9.66,2,355030895A,False,1.0,0.6774193548387096,0.4117647058823529,0.6622390891840607,cobertura_baixa_67.74%; headway_pico_alto_27.5min
778J-10,778J-10,Jd. Arpoador - Metrô Barra Funda,0.7302325581395349,22.27,68,45.0,37.5,11.684999999999999,2,355030801A,False,1.0,0.7302325581395349,0.3227654698242933,0.6619459200170554,cobertura_baixa_73.02%; headway_pico_alto_45.0min
477U-10,477U-10,Heliópolis - Metrô Vl. Mariana,0.6708860759493671,8.085,94,22.5,30.0,8.815000000000001,2,355030871A,False,1.0,0.6708860759493671,0.42016806722689076,0.6614934581427507,cobertura_baixa_67.09%; headway_pico_alto_22.5min
775V-10,775V-10,Rio Pequeno - Itaim Bibi,0.7714285714285715,27.85,45,30.0,30.0,10.31,1,355030853A,True,1.0,0.7714285714285715,0.25133689839572193,0.6611153552330022,cobertura_baixa_77.14%; headway_pico_alto_30.0min
273G-21,273G-21,Jd. Noêmia - Metrô Artur Alvim,0.8507462686567164,13.29,9,40.0,,13.29,1,355030881A,True,1.0,0.8507462686567164,0.11726508785332315,0.6605526606843553,cobertura_baixa_85.07%; headway_pico_alto_40.0min
856R-10,856R-10,Lapa - Socorro,0.4344569288389513,26.18,206,11.0,11.5,10.36,2,355030878A,False,1.0,0.4344569288389513,0.8105423987776929,0.6603911840527835,cobertura_baixa_43.45%
507T-10,507T-10,Term. Sapopemba - Metrô Carrão,0.4166666666666667,16.075,224,10.5,12.0,10.48,2,355030859A,False,1.0,0.4166666666666667,0.839572192513369,0.660204991087344,cobertura_baixa_41.67%
4491-21,4491-21,Vl. Liviero - Metrô Santos Imigrantes,0.8558951965065502,22.76,8,30.0,60.0,19.51,1,355030856A,True,1.0,0.8558951965065502,0.10618792971734148,0.6598039771684776,cobertura_baixa_85.59%; headway_pico_alto_30.0min
574W-10,574W-10,Jd. Walkiria - Metrô Belém,0.46634615384615385,21.525,180,12.75,15.0,12.195,2,355030816A,False,1.0,0.46634615384615385,0.7532467532467533,0.659147102897103,cobertura_baixa_46.63%
N343-11,N343-11,Term. A. E. Carvalho - Metrô Itaquera,0.8784530386740331,17.94,5,,,22.9,1,355030818A,True,1.0,0.8784530386740331,0.06608097784568373,0.6590508126907217,cobertura_baixa_87.85%
N745-11,N745-11,Term. Capelinha - Term. Campo Limpo,0.8933333333333333,7.074999999999999,9,,,14.64,2,355030895A,False,0.8843749999999999,0.8933333333333333,0.11726508785332315,0.6587211930226636,cobertura_baixa_89.33%
311C-10,311C-10,Pq. São Lucas - Bom Retiro,0.6494845360824743,19.17,102,25.0,22.5,7.765,2,355030869A,False,1.0,0.6494845360824743,0.4449961802902979,0.6582411221283264,cobertura_baixa_64.95%; headway_pico_alto_25.0min
211L-10,211L-10,Mandaqui - Lapa,0.6305732484076433,15.035,109,20.0,20.0,10.275,2,355030872A,False,1.0,0.6305732484076433,0.4755538579067991,0.6579527815758615,cobertura_baixa_63.06%; headway_pico_alto_20.0min
695T-10,695T-10,Term. Capelinha - Metrô Vl. Mariana,0.7318435754189944,17.564999999999998,62,45.0,45.0,11.344999999999999,2,355030808A,False,1.0,0.7318435754189944,0.3059587471352177,0.6577094118500625,cobertura_baixa_73.18%; headway_pico_alto_45.0min
4286-10,4286-10,Vl. Industrial - Term. Vl Prudente,0.7291666666666666,10.24,63,30.0,37.5,11.155,2,355030869A,False,1.0,0.7291666666666666,0.3090145148968678,0.6572876878023937,cobertura_baixa_72.92%; headway_pico_alto_30.0min
2756-10,2756-10,Guaianases - Metrô Patriarca,0.7098214285714286,22.955,74,30.0,30.0,10.65,2,355030884A,False,1.0,0.7098214285714286,0.33995416348357527,0.6568969633307868,cobertura_baixa_70.98%; headway_pico_alto_30.0min
8686-10,8686-10,Mangalot - Lgo. Do Paissandu,0.7096774193548387,16.295,74,30.0,30.0,11.58,2,355030808B,False,1.0,0.7096774193548387,0.33995416348357527,0.6568249587224919,cobertura_baixa_70.97%; headway_pico_alto_30.0min
4288-10,4288-10,Pq. Sta. Madalena - Term. Pq. D. Pedro Ii,0.7288888888888889,22.134999999999998,62,37.5,60.0,10.809999999999999,2,355030822B,False,1.0,0.7288888888888889,0.3059587471352177,0.6562320685850098,cobertura_baixa_72.89%; headway_pico_alto_37.5min
2583-10,2583-10,Vl. Curuçá - Term. Aricanduva,0.6865671641791045,19.485,80,30.0,30.0,12.535,2,355030848A,False,1.0,0.6865671641791045,0.36669213139801377,0.6532912215089564,cobertura_baixa_68.66%; headway_pico_alto_30.0min
5791-10,5791-10,Eldorado - Metrô Vergueiro,0.42857142857142855,24.67,199,13.5,11.5,9.625,2,355030828A,False,1.0,0.42857142857142855,0.7956455309396486,0.6529793735676088,cobertura_baixa_42.86%
5362-10,5362-10,Pq. Res. Cocaia - Pça. Da Sé,0.6402439024390244,33.625,129,20.0,20.0,13.065000000000001,2,355030834A,False,0.81875,0.6402439024390244,0.5622612681436211,0.6525503316625985,cobertura_baixa_64.02%; headway_pico_alto_20.0min
809N-10,809N-10,Vl. Dalva - Lapa,0.7364341085271318,13.225000000000001,54,37.5,37.5,10.870000000000001,2,355030897A,False,1.0,0.7364341085271318,0.27883880825057294,0.6518686967387377,cobertura_baixa_73.64%; headway_pico_alto_37.5min
6816-31,6816-31,Jd. Mitsutani - Term. Capelinha,0.7894736842105263,4.39,112,17.5,18.75,7.18,2,355030895A,False,0.54875,0.7894736842105263,0.4900687547746371,0.6515074685376543,cobertura_baixa_78.95%; headway_pico_alto_17.5min
5110-21,5110-21,São Mateus - Term. Mercado,0.8425925925925926,21.46,7,25.0,,17.88,1,355030816A,True,1.0,0.8425925925925926,0.10007639419404125,0.6513192145545086,cobertura_baixa_84.26%; headway_pico_alto_25.0min
2707-31,2707-31,Chabilândia - Metrô Itaquera,0.8319327731092437,11.75,9,20.0,,10.85,1,355030884A,True,1.0,0.8319327731092437,0.11726508785332315,0.6511459129106187,cobertura_baixa_83.19%; headway_pico_alto_20.0min
775N-10,775N-10,Rio Pequeno - Metrô Vl. Madalena,0.7142857142857143,13.875,64,37.5,45.0,11.32,2,355030801A,False,1.0,0.7142857142857143,0.3113063407181054,0.6505347593582889,cobertura_baixa_71.43%; headway_pico_alto_37.5min
4311-10,4311-10,Term. São Mateus - Term. Pq. D. Pedro Ii,0.48523206751054854,23.990000000000002,163,12.75,16.25,14.415,2,355030864A,False,1.0,0.48523206751054854,0.6909854851031322,0.6499116792862139,cobertura_baixa_48.52%
8055-10,8055-10,Perus - Lapa,0.5590551181102362,26.66,130,16.25,17.5,16.4,2,355030873A,False,1.0,0.5590551181102362,0.5676088617265088,0.6498102175730707,cobertura_baixa_55.91%; headway_pico_alto_16.2min
746R-10,746R-10,Real Pq. - Sto. Amaro,0.5763546798029556,20.13,121,8.0,11.0,11.96,1,355030809A,True,1.0,0.5763546798029556,0.5385790679908327,0.6497510602987275,cobertura_baixa_57.64%
177Y-10,177Y-10,Metrô Barra Funda - Pinheiros,0.43037974683544306,7.515000000000001,212,10.0,10.0,10.89,2,355030853A,False,0.9393750000000001,0.43037974683544306,0.8216195569136746,0.6495507404918239,cobertura_baixa_43.04%
4007-31,4007-31,Cohab Juscelino - São Mateus,0.7725118483412322,20.695,30,20.0,20.0,13.27,2,355030801B,False,1.0,0.7725118483412322,0.20893812070282658,0.6489373603814641,cobertura_baixa_77.25%; headway_pico_alto_20.0min
8319-21,8319-21,Shop. Villa Lobos - Pq. Continental,0.9444444444444444,7.02,1,,,18.31,1,355030897A,True,0.8775,0.9444444444444444,0.0038197097020626434,0.6488681351328409,
1785-10,1785-10,Vl. Aurora - Metrô Santana,0.6153846153846154,5.025,170,10.5,15.0,9.690000000000001,2,355030811A,False,0.628125,0.6153846153846154,0.7173414820473644,0.648519752306517,cobertura_baixa_61.54%
6115-41,6115-41,Pq. Res. Dos Lagos - Term. Grajaú,0.7764705882352941,8.51,26,30.0,,10.43,2,355030838A,False,1.0,0.7764705882352941,0.19977081741787625,0.6481665393430099,cobertura_baixa_77.65%; headway_pico_alto_30.0min
6820-31,6820-31,Jd. Das Rosas - Term. Capelinha,0.6153846153846154,3.83,209,9.5,14.25,6.255,2,355030863A,False,0.47875,0.6153846153846154,0.8147440794499619,0.6478655315272963,cobertura_baixa_61.54%
N835-11,N835-11,Term. Pinheiros - Jd. João Xxiii,0.8896103896103896,30.66,4,,,23.89,1,355030896A,True,0.967,0.8896103896103896,0.03208556149732621,0.6478308632543928,cobertura_baixa_88.96%
2702-21,2702-21,Jd. Pedro José Nunes - Metrô Artur Alvim,0.7906976744186046,8.49,17,15.0,,13.41,1,355030876A,True,1.0,0.7906976744186046,0.17456073338426278,0.6477170572245812,cobertura_baixa_79.07%
609F-10,609F-10,Chác. Santana - Term. Princ. Isabel,0.5085470085470085,23.65,148,18.75,15.0,10.585,2,355030833A,False,1.0,0.5085470085470085,0.6447669977081741,0.6477036035859565,cobertura_baixa_50.85%; headway_pico_alto_18.8min
778J-41,778J-41,Cohab Raposo Tavares - Metrô Barra Funda,0.6073059360730594,22.275,110,20.0,20.0,11.795,2,355030853A,False,1.0,0.6073059360730594,0.479755538579068,0.6475796296102501,cobertura_baixa_60.73%; headway_pico_alto_20.0min
352A-10,352A-10,Jd. Helena - Term. São Mateus,0.6153846153846154,22.165,107,25.0,30.0,10.43,2,355030868A,False,1.0,0.6153846153846154,0.4637127578304049,0.6468061350414291,cobertura_baixa_61.54%; headway_pico_alto_25.0min
6058-10,6058-10,Jd. Noronha - Term. Est. Varginha,0.6290322580645161,5.744999999999999,144,15.0,20.0,10.54,2,355030844A,False,0.7181249999999999,0.6290322580645161,0.6287242169595111,0.6467583941201114,cobertura_baixa_62.90%
6262-10,6262-10,Ceasa - Term. Bandeira,0.5670103092783505,19.2,122,20.0,18.75,11.475,2,355030822A,False,1.0,0.5670103092783505,0.5439266615737204,0.6466831531112913,cobertura_baixa_56.70%; headway_pico_alto_20.0min
407Y-10,407Y-10,Pq. Savoy City - Metrô Vl. Prudente,0.725752508361204,29.79,54,30.0,20.0,11.31,1,355030859A,True,1.0,0.725752508361204,0.27883880825057294,0.6465278966557739,cobertura_baixa_72.58%; headway_pico_alto_30.0min
5632-10,5632-10,Vl. São José - Lgo. São Francisco,0.6095890410958904,28.965,108,17.5,20.0,14.625,2,355030852A,False,1.0,0.6095890410958904,0.4698242933537051,0.6457418085540567,cobertura_baixa_60.96%; headway_pico_alto_17.5min
2626-10,2626-10,Jd. Nazaré - Term. Pq. D. Pedro Ii,0.5873493975903614,32.355000000000004,134,17.5,20.0,12.16,2,355030881A,False,0.8822499999999998,0.5873493975903614,0.5851795263559969,0.6456785567019797,cobertura_baixa_58.73%; headway_pico_alto_17.5min
8199-10,8199-10,Pirituba - Cem. Vl. Nova Cachoeirinha,0.36129032258064514,15.565,253,7.5,10.0,10.115,2,355030872A,False,1.0,0.36129032258064514,0.8831168831168831,0.6455802262253876,cobertura_baixa_36.13%
847P-10,847P-10,Term. Pirituba - Vl. Olímpia,0.40865384615384615,19.91,200,11.5,12.0,9.120000000000001,2,355030878A,False,1.0,0.40865384615384615,0.7971734148204737,0.6434789475230651,cobertura_baixa_40.87%
N703-11,N703-11,Term. Jd. âNgela - Term. Sto. Amaro,0.7757009345794392,10.370000000000001,18,,,19.494999999999997,2,355030863A,False,1.0,0.7757009345794392,0.18372803666921314,0.6429688782904835,cobertura_baixa_77.57%
8075-10,8075-10,Term. Campo Limpo - Metrô Butantã,0.5909090909090909,10.975000000000001,112,22.5,18.75,9.765,2,355030846A,False,1.0,0.5909090909090909,0.4900687547746371,0.6424751718869366,cobertura_baixa_59.09%; headway_pico_alto_22.5min
N238-11,N238-11,Metrô Santana - Cem. Pq. Dos Pinheiros,0.8651685393258427,26.52,4,,,24.11,1,355030813A,True,1.0,0.8651685393258427,0.03208556149732621,0.6422099381121192,cobertura_baixa_86.52%
3141-10,3141-10,São Mateus - Term. Pq. D. Pedro Ii,0.5746606334841629,22.134999999999998,116,22.5,20.0,11.11,2,355030816A,False,1.0,0.5746606334841629,0.5148968678380443,0.6417993770934947,cobertura_baixa_57.47%; headway_pico_alto_22.5min
N242-11,N242-11,Metrô Santana    - Jd. Campo Limpo,0.8643410852713178,25.63,4,,,22.95,1,355030879A,True,1.0,0.8643410852713178,0.03208556149732621,0.6417962110848567,cobertura_baixa_86.43%
574R-10,574R-10,Term. Sapopemba - Metrô Belém,0.4645161290322581,15.76,165,13.5,15.0,10.68,2,355030869A,False,1.0,0.4645161290322581,0.6970970206264324,0.6413871707040588,cobertura_baixa_46.45%
7725-10,7725-10,Rio Pequeno - Term. Lapa,0.7444933920704846,22.689999999999998,38,60.0,60.0,13.75,2,355030897A,False,1.0,0.7444933920704846,0.23032849503437738,0.6413452445455555,cobertura_baixa_74.45%; headway_pico_alto_60.0min
6837-10,6837-10,Shop. Portal - Term. Capelinha,0.41739130434782606,10.835,189,11.0,12.0,9.38,2,355030814A,False,1.0,0.41739130434782606,0.7754010695187166,0.6413159730295279,cobertura_baixa_41.74%
6052-10,6052-10,Jd. Sete De Setembro - Term. Est. Varginha,0.6071428571428571,5.175000000000001,164,12.75,20.0,9.885000000000002,2,355030844A,False,0.6468750000000001,0.6071428571428571,0.693659281894576,0.6410442131398013,cobertura_baixa_60.71%
3728-10,3728-10,Metrô Artur Alvim - Pq. Savoy City,0.3963963963963964,10.9,205,4.5,6.0,10.9,1,355030859A,True,1.0,0.3963963963963964,0.807868601986249,0.640558778794073,cobertura_baixa_39.64%
1017-10,1017-10,Perus - Conexão Vl. Iório,0.35795454545454547,17.020000000000003,243,9.25,12.0,11.065000000000001,2,355030873A,False,1.0,0.35795454545454547,0.868601986249045,0.6395578686019863,cobertura_baixa_35.80%
809U-10,809U-10,Cid. Universitária - Metrô Barra Funda,0.7062937062937062,14.254999999999999,56,37.5,60.0,10.18,2,355030853A,False,1.0,0.7062937062937062,0.2845683728036669,0.6385173649879532,cobertura_baixa_70.63%; headway_pico_alto_37.5min
1759-10,1759-10,Jd. Pery - Metrô Santana,0.4318181818181818,8.83,178,12.0,12.75,8.29,2,355030811A,False,1.0,0.4318181818181818,0.741405653170359,0.6383307868601986,cobertura_baixa_43.18%
7004-22,7004-22,Vl Do Sol - Jd âNgela,0.7142857142857143,12.47,51,30.0,25.0,7.26,1,355030824A,True,1.0,0.7142857142857143,0.2696715049656226,0.638044308632544,cobertura_baixa_71.43%; headway_pico_alto_30.0min
5106-10,5106-10,Mar Paulista - Lgo. São Francisco,0.5669291338582677,24.585,116,20.0,20.0,8.98,2,355030808A,False,1.0,0.5669291338582677,0.5148968678380443,0.6379336272805471,cobertura_baixa_56.69%; headway_pico_alto_20.0min
7009-10,7009-10,Jd. São Lourenço - Jd. âNgela,0.7024793388429752,11.94,58,20.0,20.0,8.53,1,355030824A,True,1.0,0.7024793388429752,0.28838808250572956,0.6377560941732066,cobertura_baixa_70.25%; headway_pico_alto_20.0min
N206-11,N206-11,Metrô Santana - Metrô Vl. Madalena,0.783068783068783,19.92,14,,,23.905,2,355030860A,False,1.0,0.783068783068783,0.15278838808250572,0.6373709079591432,cobertura_baixa_78.31%
4222-10,4222-10,Pq. Sta. Madalena - Mooca,0.793002915451895,34.11,52,25.0,20.0,11.43,1,355030822B,True,0.7945,0.793002915451895,0.27310924369747897,0.6373342308351913,cobertura_baixa_79.30%; headway_pico_alto_25.0min
6050-10,6050-10,Pq. Cocaia - Term. Grajaú,0.6875,6.085000000000001,108,17.5,20.0,8.35,2,355030844A,False,0.7606250000000001,0.6875,0.4698242933537051,0.6368222880061116,cobertura_baixa_68.75%; headway_pico_alto_17.5min
5106-21,5106-21,Jd. Selma - Term. áGua Espraiada,0.436,24.895,174,16.25,12.75,9.25,2,355030828A,False,1.0,0.436,0.7288006111535523,0.6366401833460658,cobertura_baixa_43.60%; headway_pico_alto_16.2min
8700-1,8700-1,Term. Campo Limpo - Pça. Ramos De Azevedo,0.5418994413407822,18.314999999999998,124,18.75,17.5,11.879999999999999,2,355030846A,False,1.0,0.5418994413407822,0.5511841100076394,0.6363049536726829,cobertura_baixa_54.19%; headway_pico_alto_18.8min
N245-11,N245-11,Metrô Santana - Jd. Pery Alto,0.8324607329842932,18.91,5,,,21.01,1,355030872A,True,1.0,0.8324607329842932,0.06608097784568373,0.6360546598458517,cobertura_baixa_83.25%
N531-11,N531-11,Term. Sapopemba - Term. Vl. Prudente,0.8849840255591054,31.16,3,,,21.01,1,355030822B,True,0.942,0.8849840255591054,0.01680672268907563,0.6359340295862754,cobertura_baixa_88.50%
5018-31,5018-31,Shop. Interlagos - Jabaquara,0.6,14.899999999999999,104,20.0,22.5,9.875,2,355030828A,False,1.0,0.6,0.45263559969442324,0.635790679908327,cobertura_baixa_60.00%; headway_pico_alto_20.0min
846M-10,846M-10,Vl. Piauí - Term. Pinheiros,0.72,17.945,45,60.0,60.0,9.35,2,355030822A,False,1.0,0.72,0.25133689839572193,0.6354010695187166,cobertura_baixa_72.00%; headway_pico_alto_60.0min
N635-11,N635-11,Term. Grajaú - Jd. Gaivotas,0.8,19.31,9,,,18.39,1,355030838A,True,1.0,0.8,0.11726508785332315,0.635179526355997,cobertura_baixa_80.00%
709P-10,709P-10,Est. Sto. Amaro/guido Caloi - Term. Pinheiros,0.48299319727891155,14.79,148,14.25,16.25,8.58,2,355030809A,False,1.0,0.48299319727891155,0.6447669977081741,0.6349266979519079,cobertura_baixa_48.30%
N502-11,N502-11,Term. Sacomã - Term. Pq. D. Pedro Ii,0.7590361445783133,8.71,18,,,22.235,2,355030871A,False,1.0,0.7590361445783133,0.18372803666921314,0.6346364832899205,cobertura_baixa_75.90%
8085-10,8085-10,P3 - Circular Usp,0.704225352112676,14.03,52,20.0,25.0,19.58,1,355030897A,True,1.0,0.704225352112676,0.27310924369747897,0.6340454491655817,cobertura_baixa_70.42%; headway_pico_alto_20.0min
273L-10,273L-10,Cptm José Bonifácio - Metrô Artur Alvim,0.535031847133758,15.605,125,20.0,20.0,10.2,2,355030868A,False,1.0,0.535031847133758,0.5542398777692895,0.6337878868976659,cobertura_baixa_53.50%; headway_pico_alto_20.0min
N836-11,N836-11,Term. Pinheiros - Pq. Continental,0.9426934097421203,34.72,4,,,24.51,1,355030897A,True,0.764,0.9426934097421203,0.03208556149732621,0.633772373320258,
9050-10,9050-10,Term. Lapa - Itaim Bibi,0.6708333333333333,23.86,69,15.0,20.0,10.15,1,355030853A,True,1.0,0.6708333333333333,0.3269671504965623,0.6335068118156353,cobertura_baixa_67.08%
2755-10,2755-10,Guaianases - Metrô Penha,0.4856115107913669,27.215,145,18.75,18.75,11.004999999999999,2,355030884A,False,1.0,0.4856115107913669,0.634453781512605,0.633141889849465,cobertura_baixa_48.56%; headway_pico_alto_18.8min
637P-10,637P-10,Term. Sto. Amaro - Term. Pinheiros,0.35664335664335667,14.71,228,9.0,11.5,8.935,2,355030834A,False,1.0,0.35664335664335667,0.8449197860962567,0.6317976141505554,cobertura_baixa_35.66%
637V-10,637V-10,Pq. América - Term. Sto. Amaro,0.5683453237410072,13.675,112,20.0,20.0,11.085,2,355030845A,False,1.0,0.5683453237410072,0.4900687547746371,0.6311932883028948,cobertura_baixa_56.83%; headway_pico_alto_20.0min
1756-10,1756-10,Pedra Branca - Metrô Santana,0.48484848484848486,9.885000000000002,144,15.0,17.5,7.095000000000001,2,355030811A,False,1.0,0.48484848484848486,0.6287242169595111,0.6310415075120958,cobertura_baixa_48.48%
1178-10,1178-10,São Miguel - Pça. Do Correio,0.5432098765432098,31.880000000000003,136,20.0,20.0,12.379999999999999,2,355030876A,False,0.9059999999999999,0.5432098765432098,0.5935828877005348,0.6308798045817654,cobertura_baixa_54.32%; headway_pico_alto_20.0min
N240-11,N240-11,Metrô Santana    - Cachoeira,0.8666666666666667,31.3,4,,,26.08,1,355030827B,True,0.9349999999999999,0.8666666666666667,0.03208556149732621,0.6299590017825312,cobertura_baixa_86.67%
8043-10,8043-10,Hab. Turística - Lapa,0.7046979865771812,14.57,46,60.0,60.0,11.29,2,355030808B,False,1.0,0.7046979865771812,0.25630252100840334,0.6292397495911116,cobertura_baixa_70.47%; headway_pico_alto_60.0min
N534-11,N534-11,Term. Sacomã - Vl. Arapuá,0.8186274509803921,20.3,5,,,21.0,1,355030871A,True,1.0,0.8186274509803921,0.06608097784568373,0.6291380188439012,cobertura_baixa_81.86%
6475-10,6475-10,Jd. Vaz De Lima - Term. Bandeira,0.5895522388059702,27.935,102,25.0,20.0,10.54,2,355030863A,False,1.0,0.5895522388059702,0.4449961802902979,0.6282749734900746,cobertura_baixa_58.96%; headway_pico_alto_25.0min
129F-41,129F-41,Conexão Petrônio Portela - Pça. Do Correio,0.7711864406779662,11.809999999999999,13,45.0,,11.07,2,355030878A,False,1.0,0.7711864406779662,0.14094728800611153,0.6278774067408166,cobertura_baixa_77.12%; headway_pico_alto_45.0min
8026-10,8026-10,Jd. Ingá - Term. Vl. Sônia,0.504424778761062,11.219999999999999,134,15.0,20.0,9.93,2,355030846A,False,1.0,0.504424778761062,0.5851795263559969,0.62776624728733,cobertura_baixa_50.44%
8010-10,8010-10,Perus - Lapa,0.3577586206896552,23.91,218,9.0,11.5,12.504999999999999,2,355030873A,False,1.0,0.3577586206896552,0.8288770053475936,0.6275424119491058,cobertura_baixa_35.78%
8040-10,8040-10,Sol Nascente - Term. Lapa,0.5098814229249012,23.685000000000002,131,16.25,20.0,15.875,2,355030851A,False,1.0,0.5098814229249012,0.573720397249809,0.6270568306373934,cobertura_baixa_50.99%; headway_pico_alto_16.2min
9191-21,9191-21,Metrô Barra Funda - Bom Retiro,0.9038461538461539,5.05,15,18.75,,9.185,2,355030812A,False,0.63125,0.9038461538461539,0.1627196333078686,0.6269889669154375,headway_pico_alto_18.8min
374M-10,374M-10,Cptm Ermelino Matarazzo - Metrô Itaquera,0.4934210526315789,15.149999999999999,137,14.25,20.0,15.81,2,355030886A,False,1.0,0.4934210526315789,0.599694423223835,0.62661885328294,cobertura_baixa_49.34%
209P-1,209P-1,Cachoeirinha - Term. Pinheiros,0.632183908045977,18.240000000000002,80,25.0,30.0,12.97,2,355030860A,False,1.0,0.632183908045977,0.36669213139801377,0.6260995934423926,cobertura_baixa_63.22%; headway_pico_alto_25.0min
857A-10,857A-10,Term. Campo Limpo - Metrô Sta. Cruz,0.5576923076923077,20.77,112,22.5,25.0,10.35,2,355030846A,False,1.0,0.5576923076923077,0.4900687547746371,0.6258667802785449,cobertura_baixa_55.77%; headway_pico_alto_22.5min
606C-10,606C-10,Circular - Cantinho Do Céu,1.0,1.52,59,15.0,20.0,6.08,1,355030838A,True,0.19,1.0,0.2922077922077922,0.6256623376623377,
8545-10,8545-10,Penteado - Metrô Barra Funda,0.6228571428571429,17.25,84,30.0,30.0,10.065,2,355030878A,False,1.0,0.6228571428571429,0.3804430863254393,0.6255614973262031,cobertura_baixa_62.29%; headway_pico_alto_30.0min
314V-10,314V-10,Vl. Ema - Pça. Almeida Jr.,0.6566265060240963,16.25,68,30.0,37.5,10.350000000000001,2,355030871A,False,1.0,0.6566265060240963,0.3227654698242933,0.6251428939593362,cobertura_baixa_65.66%; headway_pico_alto_30.0min
5110-23,5110-23,Jd. Planalto - Term. Mercado,0.779874213836478,15.72,9,20.0,,19.25,1,355030869A,True,1.0,0.779874213836478,0.11726508785332315,0.6251166332742359,cobertura_baixa_77.99%; headway_pico_alto_20.0min
675N-10,675N-10,Term. Sto. Amaro - Metrô Ana Rosa,0.4647058823529412,18.09,146,14.25,15.0,9.22,2,355030808A,False,1.0,0.4647058823529412,0.6390374331550802,0.6240641711229946,cobertura_baixa_46.47%
6093-10,6093-10,Vargem Grande - Term. Grajaú,0.3465346534653465,20.095,222,10.5,10.0,13.525,2,355030807A,False,1.0,0.3465346534653465,0.8353705118411001,0.6238784802850033,cobertura_baixa_34.65%
5145-10,5145-10,Term. Sapopemba - Pça. Almeida Jr.,0.6330275229357798,21.92,78,30.0,30.0,10.375,2,355030869A,False,1.0,0.6330275229357798,0.3575248281130634,0.6237712099018089,cobertura_baixa_63.30%; headway_pico_alto_30.0min
9047-10,9047-10,Jd. Paulistano - Lapa,0.30666666666666664,13.665,263,7.0,10.0,11.02,2,355030878A,False,1.0,0.30666666666666664,0.8972498090145149,0.6225082760376878,cobertura_baixa_30.67%
695H-10,695H-10,Jd. Herplin - Term. Sto. Amaro,0.48148148148148145,21.509999999999998,138,16.25,18.75,11.08,2,355030834A,False,1.0,0.48148148148148145,0.6046600458365164,0.6221387544916956,cobertura_baixa_48.15%; headway_pico_alto_16.2min
9005-42,9005-42,Sítio Dos Francos - Term. Cachoeirinha,1.0,3.73,6,45.0,,9.975000000000001,2,355030872A,False,0.46625,1.0,0.09434682964094729,0.6215540488922842,headway_pico_alto_45.0min
746V-10,746V-10,Jd. Rebouças - Hosp. Campo Limpo,0.6256684491978609,18.52,79,13.5,20.0,8.35,1,355030895A,True,1.0,0.6256684491978609,0.36210847975553856,0.621466768525592,cobertura_baixa_62.57%
6026-10,6026-10,Jd. Icaraí - Term. Sto. Amaro,0.6009389671361502,21.54,90,27.5,27.5,10.725000000000001,2,355030852A,False,1.0,0.6009389671361502,0.40106951871657753,0.6207903391830484,cobertura_baixa_60.09%; headway_pico_alto_27.5min
5144-10,5144-10,Term. Sapopemba - Term. Princ. Isabel,0.5848214285714286,21.945,96,27.5,22.5,7.865,2,355030869A,False,1.0,0.5848214285714286,0.4274255156608098,0.6206383689839572,cobertura_baixa_58.48%; headway_pico_alto_27.5min
8542-21,8542-21,Brasilândia - Term. Lapa,0.41333333333333333,14.785,168,12.75,14.25,11.765,2,355030872A,False,1.0,0.41333333333333333,0.7100840336134454,0.6196918767507003,cobertura_baixa_41.33%
7411-10,7411-10,Cid. Universitária - Pça. Da Sé,0.7172413793103448,28.85,27,45.0,45.0,12.45,1,355030853A,True,1.0,0.7172413793103448,0.20244461420932008,0.6193540739179684,cobertura_baixa_71.72%; headway_pico_alto_45.0min
233A-10,233A-10,Jd. Helena - Term. Vl. Carrão,0.5772727272727273,21.785,99,27.5,25.0,11.52,2,355030848A,False,1.0,0.5772727272727273,0.4346829640947288,0.6190412528647823,cobertura_baixa_57.73%; headway_pico_alto_27.5min
2769-10,2769-10,Jd. Romano - Metrô Tatuapé,0.6015037593984962,26.33,87,30.0,30.0,11.995000000000001,2,355030881A,False,1.0,0.6015037593984962,0.3919022154316272,0.6183225443287363,cobertura_baixa_60.15%; headway_pico_alto_30.0min
8027-10,8027-10,Vl. Dalva - Butantã,0.7,17.8,37,30.0,30.0,11.74,1,355030801A,True,1.0,0.7,0.22765469824293355,0.61829640947288,cobertura_baixa_70.00%; headway_pico_alto_30.0min
2765-10,2765-10,Vl. Cisper - Metrô Tatuapé,0.2808219178082192,13.93,289,8.25,10.0,12.335,2,355030886A,False,1.0,0.2808219178082192,0.9258976317799847,0.618180248438105,cobertura_baixa_28.08%
4025-10,4025-10,Vl. Alpina - Metrô Tatuapé,0.31891891891891894,19.22,240,8.0,12.0,12.355,2,355030869A,False,1.0,0.31891891891891894,0.8621084797555386,0.618092003386121,cobertura_baixa_31.89%
695Y-10,695Y-10,Term. Parelheiros - Metrô Vl. Mariana,0.5746478873239437,36.2,147,17.5,16.25,12.41,2,355030808A,False,0.6899999999999998,0.5746478873239437,0.6424751718869366,0.6180664952280528,cobertura_baixa_57.46%; headway_pico_alto_17.5min
675G-41,675G-41,Jd. Castro Alves - Metrô Jabaquara,0.7522522522522522,21.68,12,45.0,,10.605,2,355030820B,False,1.0,0.7522522522522522,0.13521772345301758,0.6166914431620314,cobertura_baixa_75.23%; headway_pico_alto_45.0min
6008-41,6008-41,Term. Jd. âNgela - Jd. Copacabana,1.0,3.39,8,45.0,,8.14,1,355030824A,True,0.42375,1.0,0.10618792971734148,0.6166063789152024,headway_pico_alto_45.0min
2582-10,2582-10,Vl. Nova Curuçá - Term. Pq. D. Pedro Ii,0.5144694533762058,30.880000000000003,128,18.75,20.0,11.905,2,355030848A,False,0.9559999999999998,0.5144694533762058,0.5599694423223835,0.6164255593848179,cobertura_baixa_51.45%; headway_pico_alto_18.8min
N736-11,N736-11,Term. Jd. âNgela - Jd. Horizonte Azul,0.7931034482758621,17.3,5,,,18.54,1,355030858A,True,1.0,0.7931034482758621,0.06608097784568373,0.6163760174916362,cobertura_baixa_79.31%
476A-10,476A-10,Ipiranga - Term. Sto. Amaro,0.5877551020408164,24.165,91,27.5,27.5,11.280000000000001,2,355030871A,False,1.0,0.5877551020408164,0.4052711993888464,0.6154589108370621,cobertura_baixa_58.78%; headway_pico_alto_27.5min
1758-10,1758-10,Jd. Antártica - Metrô Santana,0.3883495145631068,10.33,176,12.0,12.75,9.34,2,355030811A,False,1.0,0.3883495145631068,0.7364400305576776,0.6151067664488568,cobertura_baixa_38.83%
2522-10,2522-10,Jd. Sto. Antônio - Metrô Itaquera,0.5760869565217391,9.24,95,30.0,27.5,9.135000000000002,2,355030868A,False,1.0,0.5760869565217391,0.4232238349885409,0.6150106287574318,cobertura_baixa_57.61%; headway_pico_alto_30.0min
3791-10,3791-10,Shop. Aricanduva - Metrô Artur Alvim,0.3157894736842105,7.775,247,7.0,12.0,10.735,2,355030859A,False,0.971875,0.3157894736842105,0.8750954927425516,0.6147983846648708,cobertura_baixa_31.58%
N333-11,N333-11,Term. São Miguel - Cid. Kemel,0.7899159663865546,23.67,5,,,21.52,1,355030881A,True,1.0,0.7899159663865546,0.06608097784568373,0.6147822765469824,cobertura_baixa_78.99%
1720-10,1720-10,Jd. Guancã - Cantareira,0.3105590062111801,16.245,241,7.5,10.0,9.78,2,355030879A,False,1.0,0.3105590062111801,0.8647822765469825,0.6147141860696848,cobertura_baixa_31.06%
1024-10,1024-10,Jd. Carombé - Conexão Petrônio Portela,0.2916666666666667,7.015000000000001,379,5.0,8.0,9.11,2,355030817A,False,0.8768750000000001,0.2916666666666667,0.9763177998472116,0.6141036732874968,cobertura_baixa_29.17%
6055-10,6055-10,Est. Mendes/vl. Natal - Shop. Interlagos,0.5159010600706714,28.2,117,9.0,10.0,11.36,1,355030852A,True,1.0,0.5159010600706714,0.5202444614209321,0.6140238684616153,cobertura_baixa_51.59%
407K-10,407K-10,Term. São Mateus - Metrô Carrão,0.5,14.475,122,17.5,20.0,12.365,2,355030859A,False,1.0,0.5,0.5439266615737204,0.6131779984721162,cobertura_baixa_50.00%; headway_pico_alto_17.5min
6500-10,6500-10,Term. Sto. Amaro - Term. Bandeira,0.28859060402684567,15.52,260,8.75,10.0,10.59,2,355030834A,False,1.0,0.28859060402684567,0.8938120702826585,0.6124389230982203,cobertura_baixa_28.86%
6042-21,6042-21,Term. Capelinha - Ceu Capão Redondo,0.8085106382978723,4.4,69,30.0,30.0,6.24,2,355030863A,False,0.55,0.8085106382978723,0.3269671504965623,0.6123454642979048,cobertura_baixa_80.85%; headway_pico_alto_30.0min
8055-51,8055-51,Perus - Metrô Barra Funda,0.639871382636656,32.355,85,30.0,30.0,15.205,2,355030873A,False,0.8822500000000002,0.639871382636656,0.3850267379679144,0.6118937127087023,cobertura_baixa_63.99%; headway_pico_alto_30.0min
3741-10,3741-10,Cptm D. Bosco - Metrô Itaquera,0.28378378378378377,7.525,300,6.25,9.5,9.605,2,355030801B,False,0.940625,0.28378378378378377,0.9388846447669977,0.6116822853219912,cobertura_baixa_28.38%
6076-41,6076-41,Jd. Satélite Ii - Term. Sto. Amaro,0.680327868852459,11.74,40,60.0,60.0,12.205,2,355030845A,False,1.0,0.680327868852459,0.23567608861726508,0.610866761011409,cobertura_baixa_68.03%; headway_pico_alto_60.0min
909T-10,909T-10,Term. Pinheiros - Term. Pq. D. Pedro Ii,0.64,10.2,61,37.5,52.5,9.325,2,355030833A,False,1.0,0.64,0.3009931245225363,0.610297937356761,cobertura_baixa_64.00%; headway_pico_alto_37.5min
3729-10,3729-10,Shop. Aricanduva - Metrô Carrão,0.2642857142857143,14.100000000000001,291,6.0,10.5,9.895,2,355030859A,False,1.0,0.2642857142857143,0.9270435446906035,0.6102559205500382,cobertura_baixa_26.43%
2762-10,2762-10,Ermelino Matarazzo - Metrô Tatuapé,0.44623655913978494,18.87,143,15.0,16.25,12.305,2,355030886A,False,1.0,0.44623655913978494,0.6233766233766234,0.6101312665828795,cobertura_baixa_44.62%
637J-10,637J-10,Vl. São José - Pinheiros,0.5033333333333333,28.935000000000002,118,20.0,20.0,10.594999999999999,2,355030852A,False,1.0,0.5033333333333333,0.5252100840336135,0.6092296918767507,cobertura_baixa_50.33%; headway_pico_alto_20.0min
2718-10,2718-10,Vl. Sílvia - Metrô Penha,0.23076923076923078,10.09,385,6.0,6.25,11.29,2,355030886A,False,1.0,0.23076923076923078,0.9786096256684492,0.6089675030851502,cobertura_baixa_23.08%
N601-11,N601-11,Term. Grajaú - Term. Pq. D. Pedro Ii,0.7354085603112841,27.235,12,,,26.759999999999998,2,355030808A,False,1.0,0.7354085603112841,0.13521772345301758,0.6082695971915473,cobertura_baixa_73.54%
4721-10,4721-10,Shop. Plaza Sul - Metrô Jabaquara,0.6567164179104478,7.175000000000001,72,30.0,30.0,8.76,2,355030832A,False,0.8968750000000001,0.6567164179104478,0.3349885408708938,0.608229771216492,cobertura_baixa_65.67%; headway_pico_alto_30.0min
607M-10,607M-10,Term. Grajaú - Term. áGua Espraiada,0.5962732919254659,16.65,80,30.0,30.0,9.845,2,355030834A,False,1.0,0.5962732919254659,0.36669213139801377,0.608144285382137,cobertura_baixa_59.63%; headway_pico_alto_30.0min
5154-10,5154-10,Term. Sto. Amaro - Term. Princ. Isabel,0.4878048780487805,24.869999999999997,122,17.5,20.0,9.29,2,355030833A,False,1.0,0.4878048780487805,0.5439266615737204,0.6070804374965064,cobertura_baixa_48.78%; headway_pico_alto_17.5min
8605-10,8605-10,Term. Campo Limpo - Term. Bandeira,0.38095238095238093,19.11,171,13.5,16.25,11.025,2,355030846A,False,1.0,0.38095238095238093,0.7203972498090145,0.6065953654188949,cobertura_baixa_38.10%
909T-1,909T-1,Term. Pinheiros - Term. Pq. D. Pedro Ii,0.64,10.2,57,37.5,30.0,8.9,2,355030833A,False,1.0,0.64,0.28647822765469827,0.6059434682964095,cobertura_baixa_64.00%; headway_pico_alto_37.5min
1178-31,1178-31,São Miguel - Pça. Do Correio,0.5098684210526315,29.939999999999998,114,22.5,20.0,12.335,2,355030886A,False,1.0,0.5098684210526315,0.5019098548510313,0.6055071669816252,cobertura_baixa_50.99%; headway_pico_alto_22.5min
6820-21,6820-21,Term. Capelinha - Jd. Amália,0.65625,9.46,46,10.0,20.0,7.18,1,355030863A,True,1.0,0.65625,0.25630252100840334,0.605015756302521,cobertura_baixa_65.62%
477P-10,477P-10,Ipiranga - Rio Pequeno,0.6463104325699746,39.81999999999999,137,18.75,18.75,11.155000000000001,2,355030871A,False,0.5090000000000003,0.6463104325699746,0.599694423223835,0.6048635432521379,cobertura_baixa_64.63%; headway_pico_alto_18.8min
6073-10,6073-10,Jd. Sta. Terezinha - Term. Varginha,0.4722222222222222,14.129999999999999,129,15.0,20.0,14.675,2,355030807A,False,1.0,0.4722222222222222,0.5622612681436211,0.6047894915541974,cobertura_baixa_47.22%
476G-41,476G-41,Vl. Industrial - Metrô Ana Rosa,0.5,19.545,116,20.0,20.0,10.280000000000001,2,355030871A,False,1.0,0.5,0.5148968678380443,0.6044690603514133,cobertura_baixa_50.00%; headway_pico_alto_20.0min
2030-10,2030-10,Lauzane Paulista - Metrô Santana,0.6758620689655173,14.36,35,30.0,30.0,7.69,1,355030811A,True,1.0,0.6758620689655173,0.22001527883880825,0.6039356181344011,cobertura_baixa_67.59%; headway_pico_alto_30.0min
3301-10,3301-10,Term. São Miguel - Term. Pq. D. Pedro Ii,0.5020408163265306,24.73,115,18.75,20.0,12.120000000000001,2,355030848A,False,1.0,0.5020408163265306,0.5091673032849503,0.6037705991487504,cobertura_baixa_50.20%; headway_pico_alto_18.8min
9011-10,9011-10,Cptm Jaraguá - Term. Cachoeirinha,0.35542168674698793,17.17,180,12.0,15.0,9.295,2,355030817A,False,1.0,0.35542168674698793,0.7532467532467533,0.6036848693475199,cobertura_baixa_35.54%
8600-22,8600-22,Vl. Iório - Lgo. Do Paissandu,0.7355371900826446,11.98,9,20.0,,12.18,1,355030878A,True,1.0,0.7355371900826446,0.11726508785332315,0.6029481213973193,cobertura_baixa_73.55%; headway_pico_alto_20.0min
8215-10,8215-10,Jd. Paulistano - Pça. Do Correio,0.4816753926701571,18.020000000000003,120,18.75,22.5,10.055,2,355030860A,False,1.0,0.4816753926701571,0.5343773873185638,0.6011509125306477,cobertura_baixa_48.17%; headway_pico_alto_18.8min
8594-10,8594-10,Cid. D'abril  - Pça. Ramos De Azevedo,0.35344827586206895,23.32,179,13.5,12.75,11.915,2,355030878A,False,1.0,0.35344827586206895,0.7467532467532467,0.6007501119570084,cobertura_baixa_35.34%
675A-10,675A-10,Pq. Sto. Antonio - Metrô São Judas,0.5073891625615764,22.19,112,25.0,25.0,10.845,2,355030814A,False,1.0,0.5073891625615764,0.4900687547746371,0.6007152077131794,cobertura_baixa_50.74%; headway_pico_alto_25.0min
807M-10,807M-10,Term. Campo Limpo - Shop. Morumbi,0.3269230769230769,19.945,197,12.0,14.25,10.32,2,355030894A,False,1.0,0.3269230769230769,0.7906799083269671,0.6006655109596286,cobertura_baixa_32.69%
8015-21,8015-21,Cem. De Perus - Cptm Perus,0.7303370786516854,8.79,9,60.0,,13.52,1,355030873A,True,1.0,0.7303370786516854,0.11726508785332315,0.6003480656818396,cobertura_baixa_73.03%; headway_pico_alto_60.0min
971R-42,971R-42,Cdhu Voith - Metrô Santana,0.6217616580310881,19.23,60,37.5,45.0,9.455,2,355030872A,False,1.0,0.6217616580310881,0.29640947288006114,0.5998036708795624,cobertura_baixa_62.18%; headway_pico_alto_37.5min
4734-21,4734-21,Vl. Moraes - Metrô Saúde,0.9230769230769231,5.1,4,40.0,,6.8,1,355030832A,True,0.6375,0.9230769230769231,0.03208556149732621,0.5986641299876594,headway_pico_alto_40.0min
4310-10,4310-10,E.t. Itaquera - Term. Pq. D. Pedro Ii,0.19806763285024154,20.884999999999998,541,3.5,4.5,13.655000000000001,2,355030857A,False,1.0,0.19806763285024154,0.9977081741787625,0.5983462686787495,cobertura_baixa_19.81%
5011-10,5011-10,Eldorado - Sto. Amaro,0.3125,14.835,204,9.5,15.0,10.25,2,355030865A,False,1.0,0.3125,0.8048128342245989,0.5976938502673796,cobertura_baixa_31.25%
7545-21,7545-21,Cdhu Butantã - Pça. Ramos De Azevedo,0.7176470588235294,17.58,10,37.5,,11.4,2,355030853A,False,1.0,0.7176470588235294,0.12757830404889228,0.5970970206264323,cobertura_baixa_71.76%; headway_pico_alto_37.5min
N533-11,N533-11,Term. Vl. Prudente - Jd. Planalto,0.8138801261829653,31.51,3,,,19.1,1,355030822B,True,0.9244999999999999,0.8138801261829653,0.01680672268907563,0.5968820798982053,cobertura_baixa_81.39%
7013-10,7013-10,Pq. Arariba - Term. Vl. Sônia,0.44036697247706424,10.585,134,15.0,20.0,9.274999999999999,2,355030846A,False,1.0,0.44036697247706424,0.5851795263559969,0.5957373441453312,cobertura_baixa_44.04%
4312-10,4312-10,Jd. Marília - Term. Pq. D. Pedro Ii,0.3577981651376147,21.925,172,13.0,20.0,12.66,2,355030859A,False,1.0,0.3577981651376147,0.7226890756302521,0.595705805257883,cobertura_baixa_35.78%
1720-21,1720-21,Vila Sabrina - Metrô Tucuruvi,0.48936170212765956,9.2,114,7.5,10.0,7.46,1,355030879A,True,1.0,0.48936170212765956,0.5019098548510313,0.5952538075191391,cobertura_baixa_48.94%
N632-11,N632-11,Term. Sto. Amaro - Term. Grajaú,0.71900826446281,12.265,9,,,23.035,2,355030852A,False,1.0,0.71900826446281,0.11726508785332315,0.594683658587402,cobertura_baixa_71.90%
N539-11,N539-11,Term. Sacomã - Hosp. Heliópolis,0.819672131147541,5.94,9,,,16.2,1,355030871A,True,0.7425,0.819672131147541,0.11726508785332315,0.5935155919297674,cobertura_baixa_81.97%
675G-22,675G-22,Pq. Res. Cocaia - Col. Sta. Maria,0.7840909090909091,17.44,1,,,15.85,1,355030838A,True,1.0,0.7840909090909091,0.0038197097020626434,0.5931913674560734,cobertura_baixa_78.41%
408A-10,408A-10,Machado De Assis - Cardoso De Almeida,0.43010752688172044,10.219999999999999,136,17.5,15.0,8.125,2,355030833A,False,1.0,0.43010752688172044,0.5935828877005348,0.5931286297510207,cobertura_baixa_43.01%; headway_pico_alto_17.5min
425E-10,425E-10,Term. Sapopemba - Jd. Ester,0.6541353383458647,13.18,35,30.0,30.0,10.83,1,355030816A,True,1.0,0.6541353383458647,0.22001527883880825,0.5930722528245749,cobertura_baixa_65.41%; headway_pico_alto_30.0min
N837-11,N837-11,Term. João Dias - Cdhu Butantã,0.7445887445887446,22.96,5,,,22.58,1,355030894A,True,1.0,0.7445887445887446,0.06608097784568373,0.5921186656480775,cobertura_baixa_74.46%
648P-10,648P-10,Term. Capelinha - Term. Pinheiros,0.5,18.285,108,22.5,20.0,8.95,2,355030814A,False,1.0,0.5,0.4698242933537051,0.5909472880061115,cobertura_baixa_50.00%; headway_pico_alto_22.5min
5141-10,5141-10,Term. Sapopemba - Pça. Do Correio,0.5441176470588235,20.98,88,30.0,27.5,9.985,2,355030869A,False,1.0,0.5441176470588235,0.3949579831932773,0.5905462184873949,cobertura_baixa_54.41%; headway_pico_alto_30.0min
524L-10,524L-10,Pq. São Lucas - Metrô Tatuapé,0.4789915966386555,13.239999999999998,114,20.0,20.0,9.605,2,355030869A,False,1.0,0.4789915966386555,0.5019098548510313,0.5900687547746372,cobertura_baixa_47.90%; headway_pico_alto_20.0min
189L-10,189L-10,Conexão Vl. Iório - Lapa,0.4,4.575,280,6.0,10.0,9.79,2,355030878A,False,0.571875,0.4,0.917494270435447,0.5896232811306341,cobertura_baixa_40.00%
513C-31,513C-31,Vl. Califórnia - E.t. Itaquera,0.5543859649122806,28.715,82,27.5,30.0,11.280000000000001,2,355030864A,False,1.0,0.5543859649122806,0.3724216959511077,0.5889194912414726,cobertura_baixa_55.44%; headway_pico_alto_27.5min
9008-41,9008-41,Estância Jaraguá - Term. Cachoeirinha,0.7407407407407407,7.94,5,45.0,,11.34,1,355030817A,True,0.9925,0.7407407407407407,0.06608097784568373,0.5886946637240755,cobertura_baixa_74.07%; headway_pico_alto_45.0min
6250-10,6250-10,Jd. Jaqueline - Term. Bandeira,0.6161137440758294,21.725,50,60.0,60.0,11.76,2,355030846A,False,1.0,0.6161137440758294,0.2669977081741788,0.5881561844901684,cobertura_baixa_61.61%; headway_pico_alto_60.0min
5111-10,5111-10,Term. Sto. Amaro - Term. Pq. D. Pedro Ii,0.35403726708074534,16.515,166,12.75,12.0,8.855,2,355030834A,False,1.0,0.35403726708074534,0.7020626432391138,0.5876374265121068,cobertura_baixa_35.40%
5317-10,5317-10,Sesc/orion - Pça. Do Correio,0.5815384615384616,31.32,80,30.0,30.0,13.195,2,355030808A,False,0.9339999999999999,0.5815384615384616,0.36669213139801377,0.5875768701886349,cobertura_baixa_58.15%; headway_pico_alto_30.0min
N508-11,N508-11,Term. Sacomã - Term. Pq. D. Pedro Ii,0.7040816326530612,10.27,9,,,21.65,2,355030871A,False,1.0,0.7040816326530612,0.11726508785332315,0.5872203426825275,cobertura_baixa_70.41%
807J-10,807J-10,Term. Campo Limpo - Shop. Morumbi,0.40372670807453415,15.25,142,14.25,15.0,9.395,2,355030894A,False,1.0,0.40372670807453415,0.6168831168831169,0.5869282891022021,cobertura_baixa_40.37%
675I-10,675I-10,Term. João Dias - Metrô São Judas,0.4648648648648649,17.215,116,18.75,20.0,12.82,2,355030834A,False,1.0,0.4648648648648649,0.5148968678380443,0.5869014927838458,cobertura_baixa_46.49%; headway_pico_alto_18.8min
2703-22,2703-22,Jd. Gianetti - Metrô Itaquera,0.7666666666666667,5.83,19,10.0,,10.6,1,355030868A,True,0.72875,0.7666666666666667,0.1906035141329259,0.5862643875732112,cobertura_baixa_76.67%
546A-10,546A-10,Jd. Apurá - Sto. Amaro,0.3464566929133858,12.975000000000001,168,12.75,14.25,9.125,2,355030865A,False,1.0,0.3464566929133858,0.7100840336134454,0.5862535565407265,cobertura_baixa_34.65%
2127-10,2127-10,Pq. Edu Chaves - Liberdade,0.40229885057471265,17.43,142,15.0,20.0,8.515,2,355030857A,False,1.0,0.40229885057471265,0.6168831168831169,0.5862143603522914,cobertura_baixa_40.23%
N602-11,N602-11,Term. Grajaú - Term. Sto. Amaro,0.7322175732217573,23.72,5,,,26.85,1,355030852A,True,1.0,0.7322175732217573,0.06608097784568373,0.5859330799645838,cobertura_baixa_73.22%
7550-10,7550-10,Term. Sto. Amaro - Metrô Sta. Cecília,0.41530054644808745,18.165,136,15.0,16.25,9.395,2,355030833A,False,1.0,0.41530054644808745,0.5935828877005348,0.5857251395342042,cobertura_baixa_41.53%
5611-10,5611-10,Eldorado - Pça. João Mendes,0.49429657794676807,27.845,106,22.5,20.0,12.08,2,355030808A,False,1.0,0.49429657794676807,0.46065699006875477,0.5853453859940105,cobertura_baixa_49.43%; headway_pico_alto_22.5min
N706-11,N706-11,Term. Campo Limpo - Term. Pinheiros,0.6788321167883211,13.95,14,,,20.945,2,355030853A,False,1.0,0.6788321167883211,0.15278838808250572,0.5852525748189124,cobertura_baixa_67.88%
N637-11,N637-11,Metrô Jabaquara - Vl. Missionária,0.7295081967213115,24.24,5,,,21.08,1,355030865A,True,1.0,0.7295081967213115,0.06608097784568373,0.5845783917143609,cobertura_baixa_72.95%
N243-11,N243-11,Metrô Santana - Jd. Brasil,0.7083333333333334,16.66,7,,,24.38,1,355030879A,True,1.0,0.7083333333333334,0.10007639419404125,0.584189584924879,cobertura_baixa_70.83%
N843-11,N843-11,Term. Capelinha - Pq. Arariba,0.7073170731707317,24.44,7,,,18.8,1,355030895A,True,1.0,0.7073170731707317,0.10007639419404125,0.5836814548435783,cobertura_baixa_70.73%
7016-21,7016-21,Vl. Sta. Lúcia - Term. Sto. Amaro,0.6826923076923077,10.23,13,20.0,,9.74,1,355030834A,True,1.0,0.6826923076923077,0.14094728800611153,0.5836303402479873,cobertura_baixa_68.27%; headway_pico_alto_20.0min
N743-11,N743-11,Term. João Dias - Jd. Planalto,0.7272727272727273,24.07,5,,,24.9,1,355030809A,True,1.0,0.7272727272727273,0.06608097784568373,0.5834606569900688,cobertura_baixa_72.73%
8548-10,8548-10,Parada De Taipas - Term. Lapa,0.5269461077844312,16.44,89,30.0,30.0,10.085,2,355030817A,False,1.0,0.5269461077844312,0.3980137509549274,0.5828771791786937,cobertura_baixa_52.69%; headway_pico_alto_30.0min
9014-10,9014-10,Morro Grande - Term. Lapa,0.30303030303030304,9.07,184,11.5,12.0,10.165,2,355030878A,False,1.0,0.30303030303030304,0.7662337662337663,0.5813852813852813,cobertura_baixa_30.30%
857R-10,857R-10,Term. Campo Limpo - Aclimação,0.36796536796536794,22.77,152,16.25,15.0,10.575,2,355030846A,False,1.0,0.36796536796536794,0.6569900687547746,0.5810797046091163,cobertura_baixa_36.80%; headway_pico_alto_16.2min
8012-10,8012-10,Metrô Butantã - Cid. Universitária,0.7222222222222222,9.085,5,,,20.975,2,355030897A,False,1.0,0.7222222222222222,0.06608097784568373,0.5809354044648163,cobertura_baixa_72.22%
3161-10,3161-10,Jd. Colorado - Term. Pq. D. Pedro Ii,0.4666666666666667,14.975000000000001,112,17.5,20.0,10.33,2,355030869A,False,1.0,0.4666666666666667,0.4900687547746371,0.5803539597657246,cobertura_baixa_46.67%; headway_pico_alto_17.5min
2703-21,2703-21,Jd. Etelvina - Metrô Itaquera,0.704225352112676,6.91,18,10.0,,10.63,1,355030868A,True,0.86375,0.704225352112676,0.18372803666921314,0.5799810870571019,cobertura_baixa_70.42%
957T-10,957T-10,Cohab Taipas - Vl. Olímpia,0.5936599423631124,33.675,89,30.0,30.0,10.475000000000001,2,355030822A,False,0.8162500000000001,0.5936599423631124,0.3980137509549274,0.5794840964680344,cobertura_baixa_59.37%; headway_pico_alto_30.0min
5630-21,5630-21,Cid. Dutra - Lgo. São Francisco,0.6798245614035088,22.075,11,60.0,,12.94,2,355030808A,False,1.0,0.6798245614035088,0.13139801375095492,0.5793316848270409,cobertura_baixa_67.98%; headway_pico_alto_60.0min
N801-11,N801-11,Metrô Butantã - Term. Pq. D. Pedro Ii,0.6574074074074074,11.03,16,,,18.38,2,355030853A,False,1.0,0.6574074074074074,0.16806722689075632,0.5791238717709306,cobertura_baixa_65.74%
5362-41,5362-41,Pq. Res. Cocaia - Pq. Ibirapuera,0.6733333333333333,28.93,13,45.0,60.0,13.87,2,355030834A,False,1.0,0.6733333333333333,0.14094728800611153,0.5789508530685001,cobertura_baixa_67.33%; headway_pico_alto_45.0min
208V-10,208V-10,Term. A. E. Carvalho - Term. Pq. D. Pedro Ii,0.328125,18.645,169,14.25,15.0,10.52,2,355030857A,False,1.0,0.328125,0.713903743315508,0.5782336229946523,cobertura_baixa_32.81%
N205-11,N205-11,Term. Cachoeirinha - Term. Pinheiros,0.6644295302013423,14.575,14,,,23.01,2,355030860A,False,1.0,0.6644295302013423,0.15278838808250572,0.5780512815254228,cobertura_baixa_66.44%
7272-10,7272-10,Mercado Da Lapa - Pça. Ramos De Azevedo,0.5896414342629482,24.94,53,20.0,20.0,11.51,1,355030878A,True,1.0,0.5896414342629482,0.2757830404889228,0.577555629278151,cobertura_baixa_58.96%; headway_pico_alto_20.0min
N134-11,N134-11,Term. Cachoeirinha - Taipas,0.7134502923976608,16.95,5,,,21.19,1,355030817A,True,1.0,0.7134502923976608,0.06608097784568373,0.5765494395525355,cobertura_baixa_71.35%
172N-10,172N-10,Shop. Center Norte - Metrô Belém,0.3157894736842105,15.785,174,12.75,15.0,10.600000000000001,2,355030811A,False,1.0,0.3157894736842105,0.7288006111535523,0.5765349201881709,cobertura_baixa_31.58%
8003-10,8003-10,Remédios - Term. Lapa,0.4954128440366973,9.379999999999999,96,25.0,25.0,10.16,2,355030878A,False,1.0,0.4954128440366973,0.4274255156608098,0.5759340767165916,cobertura_baixa_49.54%; headway_pico_alto_25.0min
714C-10,714C-10,Cohab Educandário - Paulista,0.7944162436548223,39.27,40,30.0,30.0,12.74,1,355030896A,True,0.5364999999999999,0.7944162436548223,0.23567608861726508,0.5752109484125907,cobertura_baixa_79.44%; headway_pico_alto_30.0min
253F-10,253F-10,Term. A. E. Carvalho - Term. São Mateus,0.5584905660377358,25.665,66,52.5,37.5,12.68,2,355030818A,False,1.0,0.5584905660377358,0.31741787624140566,0.5744706458912896,cobertura_baixa_55.85%; headway_pico_alto_52.5min
775F-10,775F-10,Jd. Das Palmas - Hosp. Das Clínicas,0.2890995260663507,22.205,184,13.5,13.5,10.66,2,355030894A,False,1.0,0.2890995260663507,0.7662337662337663,0.5744198929033053,cobertura_baixa_28.91%
546A-31,546A-31,Jd. Apurá - Sto. Amaro,0.3333333333333333,13.73,162,12.75,14.25,9.65,2,355030865A,False,1.0,0.3333333333333333,0.6875477463712758,0.5729309905780494,cobertura_baixa_33.33%
6002-10,6002-10,Cid. Dutra - Hosp. Pedreira,0.5894039735099338,14.94,47,20.0,20.0,11.95,1,355030845A,True,1.0,0.5894039735099338,0.26012223071046603,0.5727386559681067,cobertura_baixa_58.94%; headway_pico_alto_20.0min
6013-21,6013-21,Etec - Jd. âNgela,1.0,2.84,1,,,10.65,1,355030824A,True,0.355,1.0,0.0038197097020626434,0.5721459129106188,
8001-10,8001-10,Vl. Piauí - Term. Lapa,0.5689655172413793,11.21,59,45.0,52.5,11.905000000000001,2,355030808B,False,1.0,0.5689655172413793,0.2922077922077922,0.5721450962830273,cobertura_baixa_56.90%; headway_pico_alto_45.0min
4028-10,4028-10,Hosp. São Mateus - Div. De Mauá,0.30597014925373134,12.465,173,11.0,15.0,10.925,2,355030864A,False,1.0,0.30597014925373134,0.725362872421696,0.5705939363533745,cobertura_baixa_30.60%
N732-11,N732-11,Term. Jd. âNgela - Term. Jd. Jacira,0.7010869565217391,18.21,5,,,19.87,1,355030858A,True,1.0,0.7010869565217391,0.06608097784568373,0.5703677716145747,cobertura_baixa_70.11%
8002-10,8002-10,Term. Pirituba - Term. Lapa,0.5307692307692308,13.3,76,30.0,37.5,10.65,2,355030808B,False,1.0,0.5307692307692308,0.34988540870893814,0.5703502379972969,cobertura_baixa_53.08%; headway_pico_alto_30.0min
N331-11,N331-11,Term. A. E. Carvalho - Oliveirinha,0.9666666666666667,41.85,3,,,25.11,1,355030848A,True,0.4075,0.9666666666666667,0.01680672268907563,0.569875350140056,
575C-10,575C-10,Term. Vl. Prudente - Vl. Matias,0.5294117647058824,9.77,76,30.0,30.0,7.32,2,355030869A,False,1.0,0.5294117647058824,0.34988540870893814,0.5696715049656227,cobertura_baixa_52.94%; headway_pico_alto_30.0min
2100-10,2100-10,Term. Vl. Carrão - Pça. Da Sé,0.16233766233766234,15.4,336,7.25,6.0,9.685,2,355030857A,False,1.0,0.16233766233766234,0.9606569900687548,0.5693659281894576,cobertura_baixa_16.23%
2735-10,2735-10,Jd. Keralux - Metrô Penha,0.21052631578947367,12.68,252,7.25,12.0,13.649999999999999,2,355030886A,False,1.0,0.21052631578947367,0.880061115355233,0.5692814925013068,cobertura_baixa_21.05%
1022-10,1022-10,Vl. Sta. Cruz - Cptm Perus,0.631578947368421,7.45,36,20.0,45.0,11.18,1,355030873A,True,0.93125,0.631578947368421,0.2238349885408709,0.5691899702464718,cobertura_baixa_63.16%; headway_pico_alto_20.0min
1721-10,1721-10,Vl. Sabrina - Metrô Carandiru,0.39106145251396646,17.7,131,8.0,9.0,11.42,1,355030811A,True,1.0,0.39106145251396646,0.573720397249809,0.5676468454319259,cobertura_baixa_39.11%
477A-10,477A-10,Sacomã - Term. Pinheiros,0.36018957345971564,21.435000000000002,143,16.25,16.25,9.285,2,355030871A,False,1.0,0.36018957345971564,0.6233766233766234,0.5671077737428448,cobertura_baixa_36.02%; headway_pico_alto_16.2min
4111-10,4111-10,Vl. Monumento - Pça. Da República,0.5957446808510638,18.68,38,30.0,30.0,10.19,1,355030833A,True,1.0,0.5957446808510638,0.23032849503437738,0.5669708889358451,cobertura_baixa_59.57%; headway_pico_alto_30.0min
3686-10,3686-10,Jd. São Paulo - Term. Pq. D. Pedro Ii,0.459546925566343,31.37,114,22.5,22.5,12.825,2,355030868A,False,0.9315,0.459546925566343,0.5019098548510313,0.5666464192384809,cobertura_baixa_45.95%; headway_pico_alto_22.5min
6069-10,6069-10,Jd. São Bernardo - Term. Sto. Amaro,0.430939226519337,17.740000000000002,114,20.0,20.0,11.01,2,355030852A,False,1.0,0.430939226519337,0.5019098548510313,0.566042569714978,cobertura_baixa_43.09%; headway_pico_alto_20.0min
2717-10,2717-10,Metrô Guilhermina/esperança - Cangaíba,0.3973509933774834,14.94,127,7.0,12.0,13.79,1,355030886A,True,1.0,0.3973509933774834,0.5576776165011459,0.5659787816390855,cobertura_baixa_39.74%
709M-10,709M-10,Term. Sto. Amaro - Term. Pinheiros,0.3541666666666667,14.655000000000001,144,15.0,18.75,7.4399999999999995,2,355030834A,False,1.0,0.3541666666666667,0.6287242169595111,0.5657005984211867,cobertura_baixa_35.42%
273N-41,273N-41,Itaim Paulista - Metrô Vl. Matilde,0.7211538461538461,20.69,3,60.0,,12.93,1,355030881A,True,1.0,0.7211538461538461,0.01680672268907563,0.5656189398836458,cobertura_baixa_72.12%; headway_pico_alto_60.0min
2182-10,2182-10,Jd. Brasil - Pça. Do Correio,0.2620689655172414,15.295000000000002,192,11.5,12.0,10.43,2,355030857A,False,1.0,0.2620689655172414,0.780366692131398,0.56514449039804,cobertura_baixa_26.21%
273R-42,273R-42,Jd. Robru - Metrô Itaquera,0.6120689655172413,11.41,23,12.0,,13.69,1,355030868A,True,1.0,0.6120689655172413,0.19671504965622613,0.5650489976554884,cobertura_baixa_61.21%
3029-10,3029-10,Jd. Das Rosas - Metrô Tatuapé,0.17985611510791366,13.84,279,7.25,10.0,10.07,2,355030859A,False,1.0,0.17985611510791366,0.9159663865546218,0.5647179735203434,cobertura_baixa_17.99%
637G-10,637G-10,Grajaú - Pinheiros,0.4659090909090909,27.395,100,25.0,25.0,10.04,2,355030834A,False,1.0,0.4659090909090909,0.43888464476699773,0.5646199388846447,cobertura_baixa_46.59%; headway_pico_alto_25.0min
848L-10,848L-10,Recanto Dos Humildes - Term. Pirituba,0.33170731707317075,21.765,153,12.25,17.5,14.21,2,355030873A,False,1.0,0.33170731707317075,0.6615737203972498,0.5643257746557604,cobertura_baixa_33.17%
8062-10,8062-10,Pq. São Domingos - Lapa,0.6296296296296297,18.78,15,60.0,60.0,12.12,1,355030808B,True,1.0,0.6296296296296297,0.1627196333078686,0.5636307048071754,cobertura_baixa_62.96%; headway_pico_alto_60.0min
6813-10,6813-10,Jd. Lídia - Term. Capelinha,0.6451612903225806,2.615,134,15.0,20.0,5.8149999999999995,2,355030863A,False,0.326875,0.6451612903225806,0.5851795263559969,0.5635095030680893,cobertura_baixa_64.52%
5127-10,5127-10,Vl. Guacuri - Est. Jurubatuba,0.22131147540983606,11.9,225,10.0,12.0,8.615,2,355030865A,False,1.0,0.22131147540983606,0.8418640183346066,0.5632149432053,cobertura_baixa_22.13%
4314-10,4314-10,Inácio Monteiro - Term. Pq. D. Pedro Ii,0.43354430379746833,31.86,123,22.5,20.0,12.815,2,355030801B,False,0.907,0.43354430379746833,0.5485103132161956,0.5627252458635928,cobertura_baixa_43.35%; headway_pico_alto_22.5min
N340-11,N340-11,Metrô Itaquera - Jd. Sto. Antônio,0.6686046511627907,17.05,6,,,22.24,1,355030868A,True,1.0,0.6686046511627907,0.09434682964094729,0.5626063744736796,cobertura_baixa_66.86%
1020-10,1020-10,Perus - Conexão Vl. Iório ,0.287292817679558,18.075000000000003,173,13.5,15.0,12.95,2,355030873A,False,1.0,0.287292817679558,0.725362872421696,0.5612552705662879,cobertura_baixa_28.73%
875A-10,875A-10,Aeroporto - Perdizes,0.38188976377952755,27.475,130,21.25,20.0,10.015,2,355030808A,False,1.0,0.38188976377952755,0.5676088617265088,0.5612275404077165,cobertura_baixa_38.19%; headway_pico_alto_21.2min
817C-10,817C-10,Lapa - Hosp. Das Clínicas,0.42735042735042733,11.54,112,8.0,10.0,9.48,1,355030878A,True,1.0,0.42735042735042733,0.4900687547746371,0.5606958401076048,cobertura_baixa_42.74%
4115-10,4115-10,Shop. Plaza Sul - Pça. Da República,0.5928571428571429,27.88,33,30.0,30.0,10.86,1,355030833A,True,1.0,0.5928571428571429,0.2131398013750955,0.5603705118411001,cobertura_baixa_59.29%; headway_pico_alto_30.0min
8078-10,8078-10,Jd. Das Palmas - Hosp. Campo Limpo,0.518348623853211,21.65,73,13.5,17.5,9.92,1,355030814A,True,1.0,0.518348623853211,0.3365164247517189,0.5601292393521211,cobertura_baixa_51.83%
N105-11,N105-11,Term. Cachoeirinha - Term. Lapa,0.676056338028169,7.1899999999999995,13,,,20.06,2,355030878A,False,0.8987499999999999,0.676056338028169,0.14094728800611153,0.560062355415918,cobertura_baixa_67.61%
N237-11,N237-11,Metrô Tucuruvi - Pq. Edu Chaves,0.6573426573426573,14.14,7,,,22.93,1,355030879A,True,1.0,0.6573426573426573,0.10007639419404125,0.5586942469295411,cobertura_baixa_65.73%
8050-10,8050-10,Pq. Morro Doce - Lapa,0.4017467248908297,21.955,118,17.5,18.75,15.274999999999999,2,355030808B,False,1.0,0.4017467248908297,0.5252100840336135,0.558436387655499,cobertura_baixa_40.17%; headway_pico_alto_17.5min
4112-10,4112-10,Sta. Margarida Maria - Pça. Da República,0.5230769230769231,12.87,66,17.5,15.0,7.5,1,355030833A,True,1.0,0.5230769230769231,0.31741787624140566,0.5567638244108832,cobertura_baixa_52.31%; headway_pico_alto_17.5min
5614-10,5614-10,Eldorado - Pça. João Mendes,0.4612676056338028,29.545,94,30.0,27.5,12.065,2,355030865A,False,1.0,0.4612676056338028,0.42016806722689076,0.5566842229849687,cobertura_baixa_46.13%; headway_pico_alto_30.0min
N834-11,N834-11,Term. Lapa - Term. Pinheiros,0.6736842105263158,18.81,5,,,17.91,1,355030853A,True,1.0,0.6736842105263158,0.06608097784568373,0.556666398616863,cobertura_baixa_67.37%
N132-11,N132-11,Term. Pirituba - Pq. São Domingos,0.6506849315068494,14.43,7,,,24.74,1,355030808B,True,1.0,0.6506849315068494,0.10007639419404125,0.555365384011637,cobertura_baixa_65.07%
N604-11,N604-11,Metrô Jabaquara - Term. Pq. D. Pedro Ii,0.6,13.64,18,,,17.09,2,355030808A,False,1.0,0.6,0.18372803666921314,0.5551184110007639,cobertura_baixa_60.00%
502J-22,502J-22,Est. Autódromo - Vl. Sta. Catarina,0.5932203389830508,23.5,22,15.0,60.0,15.16,1,355030865A,True,1.0,0.5932203389830508,0.19480519480519481,0.5550517279330839,cobertura_baixa_59.32%
5391-21,5391-21,Term. Guarapiranga - Lgo. São Francisco,0.6307692307692307,19.34,11,20.0,,14.69,1,355030834A,True,1.0,0.6307692307692307,0.13139801375095492,0.5548040195099019,cobertura_baixa_63.08%; headway_pico_alto_20.0min
675K-23,675K-23,Vl. Remo - Moema,0.6172839506172839,16.07,14,11.0,,12.69,1,355030834A,True,1.0,0.6172839506172839,0.15278838808250572,0.5544784917333937,cobertura_baixa_61.73%
172R-10,172R-10,Jaçanã - Metrô Belém,0.11267605633802817,14.010000000000002,448,4.25,6.0,10.275,2,355030813A,False,1.0,0.11267605633802817,0.9915966386554622,0.5538170197656527,cobertura_baixa_11.27%
3006-21,3006-21,Etec Guaianases - Cptm Guaianases,1.0,2.1,1,,,10.5,1,355030884A,True,0.2625,1.0,0.0038197097020626434,0.5536459129106188,
3069-21,3069-21,Jd. Alto Alegre - Term. São Mateus,0.45454545454545453,7.65,103,16.25,20.0,12.754999999999999,2,355030880A,False,0.95625,0.45454545454545453,0.44919786096256686,0.5532820855614974,cobertura_baixa_45.45%; headway_pico_alto_16.2min
475M-10,475M-10,Jd. Da Saúde - Term. Amaral Gurgel,0.5407407407407407,14.844999999999999,52,60.0,60.0,9.835,2,355030833A,False,1.0,0.5407407407407407,0.27310924369747897,0.5523031434796141,cobertura_baixa_54.07%; headway_pico_alto_60.0min
2551-10,2551-10,Term. A. E. Carvalho - Term. Pq. D. Pedro Ii,0.47619047619047616,24.52,84,27.5,30.0,11.870000000000001,2,355030876A,False,1.0,0.47619047619047616,0.3804430863254393,0.5522281639928699,cobertura_baixa_47.62%; headway_pico_alto_27.5min
271F-10,271F-10,Center Norte - Metrô Belém     ,0.30337078651685395,9.41,155,12.75,20.0,6.295,2,355030857A,False,1.0,0.30337078651685395,0.6684491978609626,0.5522201526167158,cobertura_baixa_30.34%
2123-10,2123-10,Vl. Medeiros - Liberdade,0.40939597315436244,13.92,112,20.0,22.5,7.984999999999999,2,355030857A,False,1.0,0.40939597315436244,0.4900687547746371,0.5517186130095724,cobertura_baixa_40.94%; headway_pico_alto_20.0min
211V-10,211V-10,Vl. Paranaguá - Penha,0.5849056603773585,31.62,45,25.0,30.0,14.82,1,355030886A,True,0.9189999999999999,0.5849056603773585,0.25133689839572193,0.5516538997073958,cobertura_baixa_58.49%; headway_pico_alto_25.0min
8075-21,8075-21,Term. Campo Limpo - Term. Vl. Sônia,0.5,6.795,100,22.5,22.5,8.595,2,355030846A,False,0.849375,0.5,0.43888464476699773,0.5515403934300993,cobertura_baixa_50.00%; headway_pico_alto_22.5min
N505-11,N505-11,Term. Sacomã - Term. Pinheiros,0.610062893081761,15.254999999999999,14,,,20.8,2,355030808A,False,1.0,0.610062893081761,0.15278838808250572,0.5508679629656322,cobertura_baixa_61.01%
517J-10,517J-10,Jd. Selma - Term. áGua Espraiada,0.29069767441860467,17.075000000000003,160,14.25,15.0,8.325,2,355030865A,False,1.0,0.29069767441860467,0.6822001527883881,0.5500088830458187,cobertura_baixa_29.07%
178Y-10,178Y-10,Vl. Amélia - Metrô Jd. São Paulo,0.23076923076923078,6.705,256,7.5,10.0,9.065000000000001,2,355030811A,False,0.838125,0.23076923076923078,0.8884644766997708,0.5495489583945466,cobertura_baixa_23.08%
8047-41,8047-41,Jaraguá - Metrô Vl. Madalena,0.5442477876106194,22.635,46,60.0,60.0,11.68,2,355030822A,False,1.0,0.5442477876106194,0.25630252100840334,0.5490146501078308,cobertura_baixa_54.42%; headway_pico_alto_60.0min
8015-10,8015-10,Cem. De Perus - Term. Pirituba,0.3010752688172043,19.23,153,13.5,18.75,11.04,2,355030873A,False,1.0,0.3010752688172043,0.6615737203972498,0.5490097505277771,cobertura_baixa_30.11%
875H-10,875H-10,Term. Lapa - Metrô Vl. Mariana,0.2537313432835821,13.34,175,11.5,14.25,9.05,2,355030878A,False,1.0,0.2537313432835821,0.7330022918258212,0.5467663591895374,cobertura_baixa_25.37%
7181-10,7181-10,Cid. Universitária - Term. Princ. Isabel,0.5125,16.095,61,37.5,30.0,9.594999999999999,2,355030853A,False,1.0,0.5125,0.3009931245225363,0.5465479373567609,cobertura_baixa_51.25%; headway_pico_alto_37.5min
3053-10,3053-10,Jd. Itápolis - Metrô Belém,0.1171875,13.19,330,6.0,7.75,11.05,2,355030869A,False,1.0,0.1171875,0.957983193277311,0.5459887079831933,cobertura_baixa_11.72%
3743-10,3743-10,São Mateus - Metrô Itaquera,0.2882882882882883,11.129999999999999,156,12.75,15.0,10.280000000000001,2,355030816A,False,1.0,0.2882882882882883,0.6722689075630253,0.5458248164130517,cobertura_baixa_28.83%
6035-21,6035-21,Vl. Gilda - Term. Guarapiranga,0.37583892617449666,14.735,118,15.0,20.0,10.895,2,355030824A,False,1.0,0.37583892617449666,0.5252100840336135,0.5454824882973324,cobertura_baixa_37.58%
775P-10,775P-10,Jd. Guaraú - Metrô Ana Rosa,0.5123152709359606,19.89,60,45.0,45.0,11.16,2,355030846A,False,1.0,0.5123152709359606,0.29640947288006114,0.5450804773319986,cobertura_baixa_51.23%; headway_pico_alto_45.0min
6232-10,6232-10,Pinheiros/vila Ida  - Metrô Barra Funda,0.5299145299145299,11.575,50,45.0,60.0,10.975000000000001,2,355030853A,False,1.0,0.5299145299145299,0.2669977081741788,0.5450565774095186,cobertura_baixa_52.99%; headway_pico_alto_45.0min
4001-10,4001-10,Itaquera - Term. Vl. Carrão,0.4222222222222222,13.315000000000001,102,22.5,22.5,11.58,2,355030868A,False,1.0,0.4222222222222222,0.4449961802902979,0.5446099651982005,cobertura_baixa_42.22%; headway_pico_alto_22.5min
746K-10,746K-10,Paraisópolis - Campo Belo,0.43820224719101125,17.62,93,10.0,15.0,9.61,1,355030894A,True,1.0,0.43820224719101125,0.41711229946524064,0.5442348134350778,cobertura_baixa_43.82%
502J-21,502J-21,Est. Autódromo - Vl. Sta. Catarina,0.5663716814159292,11.13,27,20.0,,16.7,1,355030865A,True,1.0,0.5663716814159292,0.20244461420932008,0.5439192249707606,cobertura_baixa_56.64%; headway_pico_alto_20.0min
1156-10,1156-10,Vl. Sabrina - Pça. Do Correio,0.27586206896551724,14.89,161,11.5,17.5,9.3,2,355030812A,False,1.0,0.27586206896551724,0.6852559205500381,0.54350781064777,cobertura_baixa_27.59%
573T-31,573T-31,Term. Sapopemba - Metrô Carrão,0.5714285714285714,16.34,20,60.0,,11.605,2,355030816A,False,1.0,0.5714285714285714,0.19213139801375095,0.543353705118411,cobertura_baixa_57.14%; headway_pico_alto_60.0min
707A-23,707A-23,Piraporinha - Moema,0.6099290780141844,13.96,10,16.0,,12.69,1,355030834A,True,1.0,0.6099290780141844,0.12757830404889228,0.5432380302217599,cobertura_baixa_60.99%; headway_pico_alto_16.0min
N702-11,N702-11,Term. Sto. Amaro - Term. Pq. D. Pedro Ii,0.5843373493975904,17.155,16,,,23.125,2,355030808A,False,1.0,0.5843373493975904,0.16806722689075632,0.5425888427660222,cobertura_baixa_58.43%
N638-11,N638-11,Term. Grajaú - Unisa,0.6146788990825688,10.79,9,,,22.32,1,355030852A,True,1.0,0.6146788990825688,0.11726508785332315,0.5425189758972813,cobertura_baixa_61.47%
669A-10,669A-10,Term. Sto. Amaro - Term. Princ. Isabel,0.29347826086956524,20.055,150,15.0,16.25,9.004999999999999,2,355030834A,False,1.0,0.29347826086956524,0.6516424751718869,0.5422318729863487,cobertura_baixa_29.35%
N503-11,N503-11,Term. São Mateus - Term. Pq. D. Pedro Ii,0.5925925925925926,22.185000000000002,14,,,23.555,2,355030816A,False,1.0,0.5925925925925926,0.15278838808250572,0.5421328127210481,cobertura_baixa_59.26%
4013-10,4013-10,Jd. Sto. André - Term. São Mateus,0.20588235294117646,7.02,250,8.5,13.5,10.025,2,355030864A,False,0.8775,0.20588235294117646,0.8770053475935828,0.541542780748663,cobertura_baixa_20.59%
6403-10,6403-10,Term. João Dias - Term. Pq. D. Pedro Ii,0.4385026737967914,19.494999999999997,91,27.5,20.0,10.71,2,355030833A,False,1.0,0.4385026737967914,0.4052711993888464,0.5408326967150496,cobertura_baixa_43.85%; headway_pico_alto_27.5min
1177-10,1177-10,Term. A. E. Carvalho - Luz,0.4072398190045249,22.82,105,20.0,20.0,10.79,2,355030812A,False,1.0,0.4072398190045249,0.45683728036669213,0.5406710936122701,cobertura_baixa_40.72%; headway_pico_alto_20.0min
6062-10,6062-10,Term. Grajaú - Jd. Castro Alves,0.4406779661016949,5.475,141,15.0,20.0,8.774999999999999,2,355030852A,False,0.684375,0.4406779661016949,0.6107715813598167,0.5404454574587925,cobertura_baixa_44.07%
5391-22,5391-22,Moema - Jd. âNgela,0.6702127659574468,18.61,3,20.0,,10.24,1,355030834A,True,1.0,0.6702127659574468,0.01680672268907563,0.5401483997854462,cobertura_baixa_67.02%; headway_pico_alto_20.0min
695X-22,695X-22,Term. Varginha - Shop. Interlagos,0.5625,14.25,22,15.0,20.0,10.56,1,355030865A,True,1.0,0.5625,0.19480519480519481,0.5396915584415585,cobertura_baixa_56.25%
607C-21,607C-21,Pça Tito Pacheco - Berrini,0.5204918032786885,24.2,49,20.0,20.0,36.3,1,355030828A,True,1.0,0.5204918032786885,0.2643239113827349,0.5395430750541648,cobertura_baixa_52.05%; headway_pico_alto_20.0min
719P-10,719P-10,Term. Pinheiros - Term. Princ. Isabel,0.449438202247191,9.205,83,27.5,30.0,8.95,2,355030853A,False,1.0,0.449438202247191,0.37509549274255155,0.537247748946361,cobertura_baixa_44.94%; headway_pico_alto_27.5min
4729-10,4729-10,Pq. Bancário - Metrô Belém,0.3532934131736527,15.825,120,20.0,20.0,10.555,2,355030869A,False,1.0,0.3532934131736527,0.5343773873185638,0.5369599227823956,cobertura_baixa_35.33%; headway_pico_alto_20.0min
N332-11,N332-11,Term. A. E. Carvalho - Vl. Cisper (cptm Usp),0.6334841628959276,21.97,5,,,23.13,1,355030886A,True,1.0,0.6334841628959276,0.06608097784568373,0.5365663748016689,cobertura_baixa_63.35%
805L-10,805L-10,Term. Princ. Isabel - Aclimação,0.45569620253164556,15.62,79,15.0,15.0,6.89,1,355030833A,True,1.0,0.45569620253164556,0.36210847975553856,0.5364806451924844,cobertura_baixa_45.57%
N305-11,N305-11,Term. São Miguel - Cptm Guaianases,0.6022727272727273,9.14,9,,,18.240000000000002,2,355030884A,False,1.0,0.6022727272727273,0.11726508785332315,0.5363158899923606,cobertura_baixa_60.23%
373M-10,373M-10,Jd. Guairacá - Shop. Metrô Tatuapé,0.47802197802197804,18.689999999999998,68,30.0,30.0,12.055,2,355030869A,False,1.0,0.47802197802197804,0.3227654698242933,0.535840629958277,cobertura_baixa_47.80%; headway_pico_alto_30.0min
847J-10,847J-10,City Jaraguá - Jaguaré,0.47307692307692306,25.439999999999998,70,30.0,45.0,12.645,2,355030822A,False,1.0,0.47307692307692306,0.33040488922841865,0.5356599283069872,cobertura_baixa_47.31%; headway_pico_alto_30.0min
N304-11,N304-11,Term. São Miguel - Term. Aricanduva,0.5796178343949044,16.044999999999998,14,,,25.009999999999998,2,355030848A,False,1.0,0.5796178343949044,0.15278838808250572,0.535645433622204,cobertura_baixa_57.96%
6052-31,6052-31,Jd. Almeida Prado - Term. Est. Varginha,0.6,5.025,80,30.0,30.0,9.445,2,355030844A,False,0.628125,0.6,0.36669213139801377,0.5356326394194041,cobertura_baixa_60.00%; headway_pico_alto_30.0min
N705-11,N705-11,Term. Sto. Amaro - Term. Pinheiros,0.5703703703703704,14.49,16,,,29.035,2,355030809A,False,1.0,0.5703703703703704,0.16806722689075632,0.5356053532524121,cobertura_baixa_57.04%
N746-11,N746-11,Term. Campo Limpo - Jd. Irene,0.6303030303030303,16.33,5,,,19.21,1,355030895A,True,1.0,0.6303030303030303,0.06608097784568373,0.5349758085052203,cobertura_baixa_63.03%
695Y-21,695Y-21,Term. Parelheiros - Est. Autódromo,0.569060773480663,18.07,16,32.5,,13.440000000000001,2,355030807A,False,1.0,0.569060773480663,0.16806722689075632,0.5349505548075584,cobertura_baixa_56.91%; headway_pico_alto_32.5min
6063-10,6063-10,Jd. Varginha - Term. Est. Varginha,0.24489795918367346,5.005,328,5.0,10.0,10.265,2,355030844A,False,0.625625,0.24489795918367346,0.9568372803666921,0.5346251637018444,cobertura_baixa_24.49%
948A-10,948A-10,Vl. Zatt - Metrô Barra Funda,0.46153846153846156,14.835,75,30.0,30.0,9.575,2,355030878A,False,1.0,0.46153846153846156,0.3449197860962567,0.5342451665981078,cobertura_baixa_46.15%; headway_pico_alto_30.0min
414P-10,414P-10,Vl. Industrial - Term. Norte Metrô Carrão,0.2108843537414966,15.715,181,11.5,14.25,9.085,2,355030822B,False,1.0,0.2108843537414966,0.7570664629488159,0.532562115755393,cobertura_baixa_21.09%
N603-11,N603-11,Metrô Jabaquara - Term. Pinheiros,0.573170731707317,24.555,14,,,23.265,2,355030828A,False,1.0,0.573170731707317,0.15278838808250572,0.5324218822784103,cobertura_baixa_57.32%
7245-10,7245-10,Term. Sto. Amaro - Hosp. Das Clínicas,0.3238095238095238,20.275,130,18.75,20.0,8.379999999999999,2,355030834A,False,1.0,0.3238095238095238,0.5676088617265088,0.5321874204227146,cobertura_baixa_32.38%; headway_pico_alto_18.8min
3763-10,3763-10,Term. Vl. Carrão - Metrô Tatuapé,0.06666666666666667,11.600000000000001,506,3.25,5.0,10.309999999999999,2,355030869A,False,1.0,0.06666666666666667,0.9961802902979373,0.5321874204227145,cobertura_baixa_6.67%
7062-41,7062-41,Metrô Campo Limpo - Horto Do Ypê,0.6382978723404256,4.52,71,12.0,20.0,8.48,1,355030814A,True,0.565,0.6382978723404256,0.33346065699006877,0.5321871332672334,cobertura_baixa_63.83%
5705-10,5705-10,Term. Sacomã - Metrô Vergueiro,0.4351851851851852,9.98,84,30.0,30.0,10.14,2,355030871A,False,1.0,0.4351851851851852,0.3804430863254393,0.5317255184902243,cobertura_baixa_43.52%; headway_pico_alto_30.0min
N202-11,N202-11,Metrô Santana - Term. Pinheiros,0.5714285714285714,14.030000000000001,14,,,23.08,2,355030860A,False,1.0,0.5714285714285714,0.15278838808250572,0.5315508021390374,cobertura_baixa_57.14%
809V-10,809V-10,Vl. Gomes - Metrô - Trianon - Masp,0.5157894736842106,18.87,43,25.0,30.0,11.1,1,355030853A,True,1.0,0.5157894736842106,0.24446142093200918,0.531233163121708,cobertura_baixa_51.58%; headway_pico_alto_25.0min
2728-10,2728-10,Jd. Do Castelo - Metrô Penha,0.07317073170731707,7.955,421,4.5,6.0,10.975,2,355030886A,False,0.994375,0.07317073170731707,0.9851031321619557,0.5309913055022453,cobertura_baixa_7.32%
N131-11,N131-11,Term. Lapa - Vl. Piauí,0.6201923076923077,20.64,5,,,23.82,1,355030808B,True,1.0,0.6201923076923077,0.06608097784568373,0.529920447199859,cobertura_baixa_62.02%
N234-11,N234-11,Metrô Tucuruvi - Lgo. Do Pery,0.6183745583038869,28.11,5,,,26.77,1,355030813A,True,1.0,0.6183745583038869,0.06608097784568373,0.5290115725056486,cobertura_baixa_61.84%
4020-10,4020-10,E. T. Itaquera - Jd. Novo Horizonte,0.48128342245989303,18.53,59,17.5,20.0,12.63,1,355030801B,True,1.0,0.48128342245989303,0.2922077922077922,0.5283040488922841,cobertura_baixa_48.13%; headway_pico_alto_17.5min
917M-10,917M-10,Morro Grande - Metrô Ana Rosa,0.2863247863247863,21.41,142,17.5,15.0,11.125,2,355030860A,False,1.0,0.2863247863247863,0.6168831168831169,0.5282273282273282,cobertura_baixa_28.63%; headway_pico_alto_17.5min
573A-10,573A-10,Metrô Bresser - Vl. Alpina,0.36101083032490977,27.58,112,10.0,10.0,11.11,1,355030869A,True,1.0,0.36101083032490977,0.4900687547746371,0.527526041594846,cobertura_baixa_36.10%
637A-22,637A-22,Itaim Bibi - Term. Jd. âNgela,0.5567567567567567,18.32,15,15.0,,11.95,1,355030809A,True,1.0,0.5567567567567567,0.1627196333078686,0.5271942683707389,cobertura_baixa_55.68%
2678-41,2678-41,Jd. Camargo Novo - Term. Pq. D. Pedro Ii,0.6214511041009464,31.59,8,25.0,,12.72,1,355030881A,True,0.9205,0.6214511041009464,0.10618792971734148,0.5266819309656756,cobertura_baixa_62.15%; headway_pico_alto_25.0min
N737-11,N737-11,Term. Jd. âNgela - Pq. Do Lago,0.6129032258064516,12.25,5,,,14.13,1,355030824A,True,1.0,0.6129032258064516,0.06608097784568373,0.5262759062569309,cobertura_baixa_61.29%
5362-23,5362-23,Pq. Res. Cocaia - Vicente Rao,0.7046979865771812,44.57,89,12.5,15.0,12.98,1,355030834A,True,0.27149999999999996,0.7046979865771812,0.3980137509549274,0.5260531185750688,cobertura_baixa_70.47%
3031-10,3031-10,Jd. Alto Paulistano - Metrô Itaquera,0.19205298013245034,14.725,184,11.75,15.0,10.98,2,355030880A,False,1.0,0.19205298013245034,0.7662337662337663,0.5258966199363551,cobertura_baixa_19.21%
2020-10,2020-10,Horto Florestal - Metrô Tucuruvi,0.4897959183673469,14.53,51,20.0,25.0,7.93,1,355030879A,True,1.0,0.4897959183673469,0.2696715049656226,0.5257994106733603,cobertura_baixa_48.98%; headway_pico_alto_20.0min
607A-10,607A-10,Jd. Apurá - Socorro,0.2446043165467626,14.625,158,13.5,15.0,10.225,2,355030834A,False,1.0,0.2446043165467626,0.6772345301757067,0.5254725173260932,cobertura_baixa_24.46%
874C-10,874C-10,Pq. Continental - Metrô - Trianon - Masp ,0.47435897435897434,31.1,70,17.5,15.0,12.28,1,355030897A,True,0.945,0.47435897435897434,0.33040488922841865,0.5253009539480127,cobertura_baixa_47.44%; headway_pico_alto_17.5min
7903-10,7903-10,Jd. João Xxiii/educ. - Pça. Ramos De Azevedo,0.7546296296296297,43.07,47,30.0,20.0,14.28,1,355030896A,True,0.34650000000000003,0.7546296296296297,0.26012223071046603,0.5246514840279546,cobertura_baixa_75.46%; headway_pico_alto_30.0min
637A-26,637A-26,Term. Guarapiranga - Term. Pinheiros,0.5771428571428572,17.31,9,20.0,,10.08,1,355030809A,True,1.0,0.5771428571428572,0.11726508785332315,0.5237509549274255,cobertura_baixa_57.71%; headway_pico_alto_20.0min
6072-10,6072-10,Jd. São Nicolau - Term. Varginha,0.08163265306122448,9.69,309,5.75,10.0,13.21,2,355030867A,False,1.0,0.08163265306122448,0.9419404125286478,0.5233984502892066,cobertura_baixa_8.16%
637A-21,637A-21,Vl. Remo - Term. Pinheiros,0.5621890547263682,19.94,13,15.0,,11.08,1,355030809A,True,1.0,0.5621890547263682,0.14094728800611153,0.5233787137650175,cobertura_baixa_56.22%
5362-21,5362-21,Grajaú - Pça. Da Sé,0.6131147540983607,30.31,5,30.0,,14.79,1,355030834A,True,0.9845,0.6131147540983607,0.06608097784568373,0.5232816704028855,cobertura_baixa_61.31%; headway_pico_alto_30.0min
8538-10,8538-10,Freguesia Do Ó - Pça. Do Correio,0.49214659685863876,18.57,46,60.0,60.0,11.32,2,355030860A,False,1.0,0.49214659685863876,0.25630252100840334,0.5229640547318404,cobertura_baixa_49.21%; headway_pico_alto_60.0min
478P-10,478P-10,Sacomã - Vl. Romana,0.4449152542372881,25.314999999999998,72,37.5,30.0,10.08,2,355030871A,False,1.0,0.4449152542372881,0.3349885408708938,0.5229541893799122,cobertura_baixa_44.49%; headway_pico_alto_37.5min
5370-21,5370-21,Term. Varginha - Pq. Ibirapuera,0.5298507462686567,25.845,21,42.5,30.0,12.245000000000001,2,355030834A,False,1.0,0.5298507462686567,0.19327731092436976,0.5229085664116393,cobertura_baixa_52.99%; headway_pico_alto_42.5min
546L-41,546L-41,Jd. Luso - Col. Sta. Maria,0.684931506849315,7.17,1,,,13.44,1,355030865A,True,0.89625,0.684931506849315,0.0038197097020626434,0.5228616663352763,cobertura_baixa_68.49%
373L-10,373L-10,Jd. Limoeiro - Metrô Itaquera,0.28846153846153844,15.065000000000001,136,17.5,20.0,11.52,2,355030880A,False,1.0,0.28846153846153844,0.5935828877005348,0.5223056355409297,cobertura_baixa_28.85%; headway_pico_alto_17.5min
978J-10,978J-10,Voith - Term. Princ. Isabel,0.3623853211009174,22.395,108,22.5,22.5,12.440000000000001,2,355030878A,False,1.0,0.3623853211009174,0.4698242933537051,0.5221399485565703,cobertura_baixa_36.24%; headway_pico_alto_22.5min
5031-21,5031-21,Vl. Cde. Do Pinhal - Term. Sacomã,0.76,2.7750000000000004,42,6.0,,6.62,2,355030803A,False,0.34687500000000004,0.76,0.2410236822001528,0.5216821046600458,cobertura_baixa_76.00%
3459-23,3459-23,Metrô Bresser - Itaim Paulista,0.5704918032786885,30.3,11,15.0,,11.96,1,355030881A,True,0.985,0.5704918032786885,0.13139801375095492,0.5216653057646308,cobertura_baixa_57.05%
407H-10,407H-10,Jd. São Francisco - Metrô Itaquera,0.18090452261306533,19.525,187,11.5,15.0,11.105,2,355030864A,False,1.0,0.18090452261306533,0.7704354469060352,0.5215828953783432,cobertura_baixa_18.09%
N631-11,N631-11,Term. Grajaú - Term. Sto. Amaro,0.5725806451612904,12.635,9,,,23.325000000000003,2,355030852A,False,1.0,0.5725806451612904,0.11726508785332315,0.521469848936642,cobertura_baixa_57.26%
7004-21,7004-21,Term. Jd. Jacira - Vl. Do Sol,0.6428571428571429,5.42,33,45.0,30.0,21.68,1,355030858A,True,0.6775,0.6428571428571429,0.2131398013750955,0.5208705118411001,cobertura_baixa_64.29%; headway_pico_alto_45.0min
8022-10,8022-10,Metrô Butantã - Cid. Universitária,0.6222222222222222,9.530000000000001,4,,,21.97,2,355030897A,False,1.0,0.6222222222222222,0.03208556149732621,0.5207367795603091,cobertura_baixa_62.22%
709G-10,709G-10,Term. Guarapiranga - Itaim Bibi,0.4337748344370861,30.04,75,12.0,15.0,10.6,1,355030834A,True,0.998,0.4337748344370861,0.3449197860962567,0.51996335304742,cobertura_baixa_43.38%
2767-10,2767-10,Cid. Pedro José Nunes - Metrô Tatuapé,0.478494623655914,18.105,50,60.0,60.0,11.559999999999999,2,355030876A,False,1.0,0.478494623655914,0.2669977081741788,0.5193466242802107,cobertura_baixa_47.85%; headway_pico_alto_60.0min
407A-10,407A-10,Pq. Savoy - Lgo. Da Concórdia,0.33668341708542715,20.36,114,22.5,22.5,11.17,2,355030859A,False,1.0,0.33668341708542715,0.5019098548510313,0.518914664998023,cobertura_baixa_33.67%; headway_pico_alto_22.5min
403A-10,403A-10,Cptm José Bonifácio - Term. Penha,0.2968036529680365,21.745,130,17.5,20.0,12.27,2,355030801B,False,1.0,0.2968036529680365,0.5676088617265088,0.518684485001971,cobertura_baixa_29.68%; headway_pico_alto_17.5min
N334-11,N334-11,Term. A. E. Carvalho - Cptm Guaianases,0.7654986522911051,36.94,3,,,22.62,1,355030884A,True,0.6530000000000001,0.7654986522911051,0.01680672268907563,0.5183913429522753,cobertura_baixa_76.55%
3731-10,3731-10,Metrô Vl. Matilde - Shop. Aricanduva,0.2727272727272727,17.5,138,7.0,12.0,10.94,1,355030859A,True,1.0,0.2727272727272727,0.6046600458365164,0.5177616501145913,cobertura_baixa_27.27%
N634-11,N634-11,Term. Sto. Amaro - Jd. Luso,0.6950146627565983,33.96,4,,,22.15,1,355030865A,True,0.8019999999999999,0.6950146627565983,0.03208556149732621,0.517532999827497,cobertura_baixa_69.50%
2740-10,2740-10,Pedra Branca - Metrô Santana,0.4647887323943662,28.27,55,20.0,20.0,10.04,1,355030879A,True,1.0,0.4647887323943662,0.2822765469824293,0.5170773302919118,cobertura_baixa_46.48%; headway_pico_alto_20.0min
4315-10,4315-10,Term. Vl. Carrão - Term. Pq. D. Pedro Ii,0.18796992481203006,13.620000000000001,178,10.75,15.0,11.465,2,355030857A,False,1.0,0.18796992481203006,0.741405653170359,0.5164066583571227,cobertura_baixa_18.80%
5632-21,5632-21,Jd. Iporanga - Lgo. São Francisco,0.6226415094339622,26.31,3,60.0,,17.74,1,355030834A,True,1.0,0.6226415094339622,0.01680672268907563,0.5163627715237038,cobertura_baixa_62.26%; headway_pico_alto_60.0min
407F-10,407F-10,Term. São Mateus - Metrô Belém,0.3463687150837989,18.11,109,22.5,30.0,11.08,2,355030859A,False,1.0,0.3463687150837989,0.4755538579067991,0.5158505149139392,cobertura_baixa_34.64%; headway_pico_alto_22.5min
8047-51,8047-51,Jaraguá - Lapa,0.625,27.02,2,60.0,,14.48,1,355030851A,True,1.0,0.625,0.008403361344537815,0.5150210084033613,cobertura_baixa_62.50%; headway_pico_alto_60.0min
637A-25,637A-25,Piraporinha - Term. Pinheiros,0.547486033519553,17.76,12,20.0,,10.15,1,355030809A,True,1.0,0.547486033519553,0.13521772345301758,0.5143083337956817,cobertura_baixa_54.75%; headway_pico_alto_20.0min
8300-10,8300-10,Term. Pirituba - Term. Lapa,0.33783783783783783,7.1899999999999995,124,15.0,18.75,9.81,2,355030878A,False,0.8987499999999999,0.33783783783783783,0.5511841100076394,0.5140241519212108,cobertura_baixa_33.78%
701A-10,701A-10,Pq. Edu Chaves - Metrô Vl. Madalena,0.3161764705882353,26.810000000000002,116,22.5,20.0,9.295,2,355030833A,False,1.0,0.3161764705882353,0.5148968678380443,0.5125572956455309,cobertura_baixa_31.62%; headway_pico_alto_22.5min
4284-10,4284-10,Vl. Califórnia - Term. Vl. Prudente,0.47435897435897434,7.27,62,45.0,30.0,11.625,2,355030869A,False,0.90875,0.47435897435897434,0.3059587471352177,0.5107171113200525,cobertura_baixa_47.44%; headway_pico_alto_45.0min
N633-11,N633-11,Metrô Jabaquara - Morumbi Shop.,0.5815899581589958,23.76,5,,,21.28,1,355030820B,True,1.0,0.5815899581589958,0.06608097784568373,0.510619272433203,cobertura_baixa_58.16%
513L-10,513L-10,Term. Sacomã - Pq. Belém,0.3925925925925926,13.15,84,25.0,30.0,10.625,2,355030871A,False,1.0,0.3925925925925926,0.3804430863254393,0.5104292221939282,cobertura_baixa_39.26%; headway_pico_alto_25.0min
8010-21,8010-21,Cptm Perus - Sítio Botuquara,0.48412698412698413,12.48,36,25.0,45.0,14.68,1,355030873A,True,1.0,0.48412698412698413,0.2238349885408709,0.5092139886257534,cobertura_baixa_48.41%; headway_pico_alto_25.0min
908T-10,908T-10,Term. Pq. D. Pedro Ii - Butantã,0.4701492537313433,26.62,43,25.0,30.0,8.32,1,355030833A,True,1.0,0.4701492537313433,0.24446142093200918,0.5084130531452744,cobertura_baixa_47.01%; headway_pico_alto_25.0min
6L01-22,6L01-22,Vl. Progresso - Term. Varginha,0.5514018691588785,10.57,8,30.0,,15.86,1,355030807A,True,1.0,0.5514018691588785,0.10618792971734148,0.5075573134946416,cobertura_baixa_55.14%; headway_pico_alto_30.0min
9012-10,9012-10,Itaberaba - Term. Lapa,0.42452830188679247,10.075,66,30.0,60.0,10.35,2,355030878A,False,1.0,0.42452830188679247,0.31741787624140566,0.507489513815818,cobertura_baixa_42.45%; headway_pico_alto_30.0min
N141-11,N141-11,Term. Cachoeirinha - Jd. Carombé,0.5748502994011976,16.51,5,,,21.53,1,355030872A,True,1.0,0.5748502994011976,0.06608097784568373,0.507249443054304,cobertura_baixa_57.49%
1757-10,1757-10,Conj. Dos Bancários - Metrô Santana ,0.44370860927152317,14.97,55,20.0,20.0,6.51,1,355030811A,True,1.0,0.44370860927152317,0.2822765469824293,0.5065372687304903,cobertura_baixa_44.37%; headway_pico_alto_20.0min
N434-11,N434-11,Term. Vl. Carrão - Jd. Iv Centenário,0.5927272727272728,27.34,4,,,23.1,1,355030859A,True,1.0,0.5927272727272728,0.03208556149732621,0.5059893048128343,cobertura_baixa_59.27%
5362-22,5362-22,Jd. Eliana - Pça. Da Sé,0.6190476190476191,31.32,4,60.0,,14.24,1,355030834A,True,0.9339999999999999,0.6190476190476191,0.03208556149732621,0.5059494779730074,cobertura_baixa_61.90%; headway_pico_alto_60.0min
8700-21,8700-21,Lgo. Do Taboão - Pça. Ramos De Azevedo,0.6013986013986014,14.14,3,60.0,,12.48,1,355030846A,True,1.0,0.6013986013986014,0.01680672268907563,0.5057413175060234,cobertura_baixa_60.14%; headway_pico_alto_60.0min
938C-10,938C-10,Cohab Taipas - Term. Princ. Isabel,0.3781094527363184,20.869999999999997,86,30.0,30.0,11.23,2,355030878A,False,1.0,0.3781094527363184,0.3884644766997708,0.5055940693780905,cobertura_baixa_37.81%; headway_pico_alto_30.0min
3762-10,3762-10,Jd. Iva - Metrô Tatuapé,0.07913669064748201,13.76,253,7.5,11.0,10.15,2,355030859A,False,1.0,0.07913669064748201,0.8831168831168831,0.504503410258806,cobertura_baixa_7.91%
6414-10,6414-10,Socorro - Term. Bandeira,0.26200873362445415,21.7,132,17.5,15.0,10.54,2,355030834A,False,1.0,0.26200873362445415,0.577922077922078,0.5043809901888505,cobertura_baixa_26.20%; headway_pico_alto_17.5min
119C-10,119C-10,Pq. Edu Chaves - Term. Princ. Isabel,0.313953488372093,16.85,112,22.5,20.0,8.015,2,355030812A,False,1.0,0.313953488372093,0.4900687547746371,0.5039973706184377,cobertura_baixa_31.40%; headway_pico_alto_22.5min
2666-21,2666-21,Jd. Camargo Velho - Term. Pq. D. Pedro Ii,0.6238244514106583,31.78,4,30.0,,13.72,1,355030810A,True,0.9109999999999999,0.6238244514106583,0.03208556149732621,0.5037378941545271,cobertura_baixa_62.38%; headway_pico_alto_30.0min
5632-51,5632-51,Jd. Alpino - Lgo. São Francisco,0.5959595959595959,29.53,3,30.0,,17.37,1,355030852A,True,1.0,0.5959595959595959,0.01680672268907563,0.5030218147865206,cobertura_baixa_59.60%; headway_pico_alto_30.0min
N307-11,N307-11,Term. Pq. D. Pedro Ii - Term. Pinheiros,0.5,11.795,17,,,17.465,2,355030833A,False,1.0,0.5,0.17456073338426278,0.5023682200152788,cobertura_baixa_50.00%
675X-10,675X-10,Term. Grajaú - Aacd-servidor,0.6246913580246913,40.38,64,20.0,20.0,11.99,1,355030834A,True,0.48099999999999987,0.6246913580246913,0.3113063407181054,0.5019375812277773,cobertura_baixa_62.47%; headway_pico_alto_20.0min
8700-24,8700-24,Lgo. Do Taboão - Pça. Ramos De Azevedo,0.6013986013986014,14.14,1,60.0,,12.66,1,355030846A,True,1.0,0.6013986013986014,0.0038197097020626434,0.5018452136099194,cobertura_baixa_60.14%; headway_pico_alto_60.0min
271M-10,271M-10,Pq. Novo Mundo - Metrô Santana,0.14666666666666667,14.195,181,11.5,12.75,12.075,2,355030811A,False,1.0,0.14666666666666667,0.7570664629488159,0.5004532722179781,cobertura_baixa_14.67%
709A-10,709A-10,Term. áGua Espraiada - Metrô Ana Rosa,0.21649484536082475,10.19,146,15.0,15.0,6.5,2,355030808A,False,1.0,0.21649484536082475,0.6390374331550802,0.49995865262693645,cobertura_baixa_21.65%
8100-10,8100-10,Term. Pirituba - Term. Lapa,0.19801980198019803,10.18,154,14.25,15.0,9.08,2,355030878A,False,1.0,0.19801980198019803,0.6653934300993124,0.49862793001989275,cobertura_baixa_19.80%
N504-11,N504-11,Term. Vl. Prudente - Term. Pq. D. Pedro Ii,0.48672566371681414,10.84,18,,,22.045,2,355030857A,False,1.0,0.48672566371681414,0.18372803666921314,0.498481242859171,cobertura_baixa_48.67%
6L11-10,6L11-10,Ilha Do Bororé - Term. Grajaú,0.3533834586466165,13.405000000000001,91,20.0,30.0,10.219999999999999,2,355030844A,False,1.0,0.3533834586466165,0.4052711993888464,0.4982730891399622,cobertura_baixa_35.34%; headway_pico_alto_20.0min
809J-10,809J-10,Jd. Colombo - Metrô Morumbi,0.4550561797752809,17.66,40,30.0,30.0,10.09,1,355030846A,True,1.0,0.4550561797752809,0.23567608861726508,0.49823091647282,cobertura_baixa_45.51%; headway_pico_alto_30.0min
8020-10,8020-10,Butantã - Shop. Morumbi,0.4523809523809524,20.87,41,30.0,30.0,10.02,1,355030846A,True,1.0,0.4523809523809524,0.23949579831932774,0.4980392156862745,cobertura_baixa_45.24%; headway_pico_alto_30.0min
5131-10,5131-10,Cid. Ademar - Pq. D. Pedro Ii,0.3675675675675676,18.845,84,30.0,30.0,9.71,2,355030865A,False,1.0,0.3675675675675676,0.3804430863254393,0.4979167096814156,cobertura_baixa_36.76%; headway_pico_alto_30.0min
172X-10,172X-10,Pq. Novo Mundo - Metrô Tatuapé,0.0,8.84,455,4.25,5.75,11.05,2,,False,1.0,0.0,0.9923605805958747,0.4977081741787624,cobertura_baixa_0.00%
N339-11,N339-11,Metrô Itaquera - Artur Alvim,0.5555555555555556,16.95,5,,,20.34,1,355030868A,True,1.0,0.5555555555555556,0.06608097784568373,0.4976020711314829,cobertura_baixa_55.56%
2161-10,2161-10,Pq. Edu Chaves - Pça. Do Correio,0.2914285714285714,17.53,114,20.0,20.0,9.635,2,355030857A,False,1.0,0.2914285714285714,0.5019098548510313,0.49628724216959513,cobertura_baixa_29.14%; headway_pico_alto_20.0min
4726-10,4726-10,Mooca - Metrô Tatuapé,0.0,8.95,430,4.0,5.75,11.135,2,,False,1.0,0.0,0.9873949579831933,0.496218487394958,cobertura_baixa_0.00%
372U-10,372U-10,Vl. Sta. Isabel - Metrô Tatuapé,0.0,10.545,421,4.0,6.0,10.465,2,,False,1.0,0.0,0.9851031321619557,0.4955309396485867,cobertura_baixa_0.00%
2552-41,2552-41,Jd. São Martinho - Term. Pq. D. Pedro Ii,0.5106382978723404,27.89,11,37.5,,12.365,2,355030848A,False,1.0,0.5106382978723404,0.13139801375095492,0.4947385530614567,cobertura_baixa_51.06%; headway_pico_alto_37.5min
627M-10,627M-10,Mar Paulista - Term. Sto. Amaro,0.32222222222222224,8.985,102,20.0,20.0,10.66,2,355030834A,False,1.0,0.32222222222222224,0.4449961802902979,0.4946099651982005,cobertura_baixa_32.22%; headway_pico_alto_20.0min
516N-10,516N-10,Jd. Miriam - Pça. D. Gastão,0.37362637362637363,36.26,130,8.0,10.0,11.39,1,355030828A,True,0.687,0.37362637362637363,0.5676088617265088,0.4944958453311395,cobertura_baixa_37.36%
1896-10,1896-10,Jaraguá - Pça. Ramos De Azevedo,0.3382899628252788,26.345,93,30.0,30.0,11.715,2,355030878A,False,1.0,0.3382899628252788,0.41711229946524064,0.4942786712522116,cobertura_baixa_33.83%; headway_pico_alto_30.0min
8050-31,8050-31,Pq. Morro Doce - Lapa,0.40772532188841204,22.47,61,30.0,37.5,16.549999999999997,2,355030808B,False,1.0,0.40772532188841204,0.3009931245225363,0.4941605983009669,cobertura_baixa_40.77%; headway_pico_alto_30.0min
971R-51,971R-51,Chica Luisa - Metrô Santana,0.5769230769230769,20.66,3,45.0,,11.48,1,355030872A,True,1.0,0.5769230769230769,0.01680672268907563,0.4935035552682611,cobertura_baixa_57.69%; headway_pico_alto_45.0min
508L-10,508L-10,Term. Princ. Isabel - Aclimação,0.40609137055837563,19.54,61,17.5,20.0,9.53,1,355030833A,True,1.0,0.40609137055837563,0.3009931245225363,0.4933436226359487,cobertura_baixa_40.61%; headway_pico_alto_17.5min
609F-21,609F-21,Chác. Santana - Anhangabaú,0.4622222222222222,21.865000000000002,28,60.0,45.0,11.004999999999999,2,355030833A,False,1.0,0.4622222222222222,0.20626432391138275,0.49299040828452595,cobertura_baixa_46.22%; headway_pico_alto_60.0min
119L-10,119L-10,Vl. Sulina - Term. Lapa,0.3911290322580645,21.075000000000003,68,30.0,45.0,20.445,2,355030808B,False,1.0,0.3911290322580645,0.3227654698242933,0.4923941570763202,cobertura_baixa_39.11%; headway_pico_alto_30.0min
172J-10,172J-10,Jd. Brasil - Tatuapé,0.0,13.585,371,5.0,7.0,11.015,2,,False,1.0,0.0,0.9732620320855615,0.4919786096256685,cobertura_baixa_0.00%
3098-31,3098-31,São Mateus - Jd. Elizabeth,0.36134453781512604,11.79,81,12.0,15.0,9.31,1,355030864A,True,1.0,0.36134453781512604,0.3705118411000764,0.49182582123758595,cobertura_baixa_36.13%
3462-10,3462-10,Vl. Santana - Metrô Tatuapé,0.3581395348837209,21.695,83,30.0,30.0,13.129999999999999,2,355030818A,False,1.0,0.3581395348837209,0.37509549274255155,0.49159841526462594,cobertura_baixa_35.81%; headway_pico_alto_30.0min
2363-10,2363-10,Jd. Danfer - Term. Pq. D. Pedro Ii,0.3063583815028902,17.165,106,20.0,20.0,11.18,2,355030857A,False,1.0,0.3063583815028902,0.46065699006875477,0.49137628777207154,cobertura_baixa_30.64%; headway_pico_alto_20.0min
1775-10,1775-10,Vl. Albertina - Shop. Center Norte,0.391304347826087,13.675,66,30.0,45.0,9.030000000000001,2,355030811A,False,1.0,0.391304347826087,0.31741787624140566,0.4908775367854652,cobertura_baixa_39.13%; headway_pico_alto_30.0min
9188-10,9188-10,Capela Da Lagoa  - Lapa,0.11464968152866242,15.175,191,10.0,12.0,11.745000000000001,2,355030878A,False,1.0,0.11464968152866242,0.7780748663101604,0.4907473006573793,cobertura_baixa_11.46%
1178-33,1178-33,Pça. Do Correio - São Miguel,0.5566343042071198,30.77,5,30.0,,10.49,1,355030886A,True,0.9615,0.5566343042071198,0.06608097784568373,0.49044144545726504,cobertura_baixa_55.66%; headway_pico_alto_30.0min
3459-24,3459-24,Itaim Paulista - Term. Pq. D. Pedro Ii,0.5843023255813954,34.21,11,37.5,,13.96,1,355030881A,True,0.7895,0.5843023255813954,0.13139801375095492,0.48947056691598423,cobertura_baixa_58.43%; headway_pico_alto_37.5min
271C-10,271C-10,Pq. Vl. Maria - Term. Princ. Isabel - Circular,0.49557522123893805,33.79,49,25.0,25.0,10.73,1,355030811A,True,0.8105,0.49557522123893805,0.2643239113827349,0.4891847840342895,cobertura_baixa_49.56%; headway_pico_alto_25.0min
9785-51,9785-51,Jd. Carombé - Term. Cachoeirinha,0.6417910447761194,6.52,3,45.0,,10.03,1,355030872A,True,0.815,0.6417910447761194,0.01680672268907563,0.48893753919478233,cobertura_baixa_64.18%; headway_pico_alto_45.0min
5100-10,5100-10,Term. Pinheiros - Term. Pq. D. Pedro Ii,0.41025641025641024,11.405000000000001,54,37.5,60.0,7.28,2,355030833A,False,1.0,0.41025641025641024,0.27883880825057294,0.488779847603377,cobertura_baixa_41.03%; headway_pico_alto_37.5min
8007-10,8007-10,Hab. Turística - Term. Pirituba,0.35714285714285715,6.855,106,20.0,22.5,9.465,2,355030851A,False,0.856875,0.35714285714285715,0.46065699006875477,0.4881435255920551,cobertura_baixa_35.71%; headway_pico_alto_20.0min
271A-10,271A-10,Term. Penha - Metrô Santana,0.13020833333333334,16.515,176,12.0,14.25,12.25,2,355030811A,False,1.0,0.13020833333333334,0.7364400305576776,0.48603617583396996,cobertura_baixa_13.02%
695Y-41,695Y-41,Term. Parelheiros - Col. Sta. Maria,0.5688888888888889,22.38,1,,,19.75,1,355030807A,True,1.0,0.5688888888888889,0.0038197097020626434,0.48559035735506323,cobertura_baixa_56.89%
4010-10,4010-10,Jd. Nsa. Sra. Do Carmo - Term. Vl. Carrão,0.33587786259541985,12.305,87,22.5,30.0,11.54,2,355030859A,False,1.0,0.33587786259541985,0.3919022154316272,0.48550959592719806,cobertura_baixa_33.59%; headway_pico_alto_22.5min
6091-51,6091-51,Colônia - Term. Sto. Amaro,0.513986013986014,29.0,6,60.0,,15.23,2,355030807A,False,1.0,0.513986013986014,0.09434682964094729,0.48529705588529115,cobertura_baixa_51.40%; headway_pico_alto_60.0min
2035-10,2035-10,Metrô Parada Inglesa - Conj. Hab. Sonda Ii,0.42857142857142855,20.86,40,30.0,30.0,11.59,1,355030879A,True,1.0,0.42857142857142855,0.23567608861726508,0.4849885408708938,cobertura_baixa_42.86%; headway_pico_alto_30.0min
6L01-10,6L01-10,Marsilac - Term. Varginha,0.2510822510822511,22.799999999999997,119,20.0,20.0,19.009999999999998,2,355030807A,False,1.0,0.2510822510822511,0.5301757066462949,0.484593837535014,cobertura_baixa_25.11%; headway_pico_alto_20.0min
N241-11,N241-11,Metrô Santana - Vl. Albertina,0.5284090909090909,17.45,5,,,19.75,1,355030811A,True,1.0,0.5284090909090909,0.06608097784568373,0.4840288388082506,cobertura_baixa_52.84%
637G-51,637G-51,Jd. Eliana - Pinheiros,0.5104166666666666,29.835,6,60.0,,10.705,2,355030834A,False,1.0,0.5104166666666666,0.09434682964094729,0.4835123822256175,cobertura_baixa_51.04%; headway_pico_alto_60.0min
6063-41,6063-41,Jd. Novo Marilda - Term. Est. Varginha,0.2,5.16,230,7.25,13.5,10.25,2,355030844A,False,0.645,0.2,0.8479755538579068,0.4833926661573721,cobertura_baixa_20.00%
N302-11,N302-11,Term. A. E. Carvalho - Term. Pq. D. Pedro Ii,0.4816053511705686,29.73,13,,,27.035,2,355030876A,False,1.0,0.4816053511705686,0.14094728800611153,0.48308686198711775,cobertura_baixa_48.16%
3718-10,3718-10,Metrô Artur Alvim - Nova America,0.034482758620689655,8.56,253,4.0,5.5,10.93,1,355030859A,True,1.0,0.034482758620689655,0.8831168831168831,0.48217644424540973,cobertura_baixa_3.45%
N143-11,N143-11,Metrô Barra Funda - Morro Grande,0.5238095238095238,25.02,5,,,24.61,1,355030860A,True,1.0,0.5238095238095238,0.06608097784568373,0.48172905525846704,cobertura_baixa_52.38%
975A-10,975A-10,Vl. Brasilândia - Metrô Ana Rosa,0.2875536480686695,21.905,105,22.5,22.5,10.495000000000001,2,355030860A,False,1.0,0.2875536480686695,0.45683728036669213,0.4808280081443424,cobertura_baixa_28.76%; headway_pico_alto_22.5min
8200-10,8200-10,Term. Pirituba - Term. Lapa,0.28735632183908044,8.29,105,17.5,20.0,9.045,2,355030878A,False,1.0,0.28735632183908044,0.45683728036669213,0.48072934502954784,cobertura_baixa_28.74%; headway_pico_alto_17.5min
6051-10,6051-10,Jd. Itajaí - Term. Est. Varginha,0.4772727272727273,3.8899999999999997,110,20.0,20.0,9.059999999999999,2,355030844A,False,0.48624999999999996,0.4772727272727273,0.479755538579068,0.479813025210084,cobertura_baixa_47.73%; headway_pico_alto_20.0min
9023-10,9023-10,Pq. De Taipas - Term. Pirituba,0.0,11.955,295,6.0,10.0,12.415,2,,False,1.0,0.0,0.93048128342246,0.479144385026738,cobertura_baixa_0.00%
6L05-10,6L05-10,Barragem - Term. Parelheiros,0.1937984496124031,12.625,139,15.0,20.0,18.945,2,355030867A,False,1.0,0.1937984496124031,0.6073338426279603,0.47909937759458965,cobertura_baixa_19.38%
139A-10,139A-10,Vl. Iório - Lapa,0.23376623376623376,7.32,136,13.5,20.0,10.21,2,355030878A,False,0.915,0.23376623376623376,0.5935828877005348,0.4779579831932773,cobertura_baixa_23.38%
888P-10,888P-10,Perus - Cohab Taipas,0.27325581395348836,18.240000000000002,108,20.0,22.5,10.879999999999999,2,355030873A,False,1.0,0.27325581395348836,0.4698242933537051,0.4775751949828557,cobertura_baixa_27.33%; headway_pico_alto_20.0min
4114-10,4114-10,Jd. Da Saúde - Term. Pq. D. Pedro Ii,0.40119760479041916,18.195,46,60.0,60.0,11.545,2,355030832A,False,1.0,0.40119760479041916,0.25630252100840334,0.4774895586977306,cobertura_baixa_40.12%; headway_pico_alto_60.0min
N235-11,N235-11,Metrô Santana - Pedra Branca,0.515,19.84,5,,,22.46,1,355030811A,True,1.0,0.515,0.06608097784568373,0.47732429335370513,cobertura_baixa_51.50%
6091-21,6091-21,Jd. Silveira - Term. Sto. Amaro,0.5444444444444444,26.85,3,60.0,,15.49,1,355030807A,True,1.0,0.5444444444444444,0.01680672268907563,0.4772642390289449,cobertura_baixa_54.44%; headway_pico_alto_60.0min
6422-10,6422-10,Vl. Cruzeiro - Term. Bandeira,0.25301204819277107,17.035,114,20.0,20.0,11.825,2,355030834A,False,1.0,0.25301204819277107,0.5019098548510313,0.47707898055169495,cobertura_baixa_25.30%; headway_pico_alto_20.0min
407M-10,407M-10,Metrô Vl. Mariana - Vl. Monumento,0.4230769230769231,10.3,34,30.0,30.0,9.97,1,355030871A,True,1.0,0.4230769230769231,0.21657754010695188,0.4765117235705471,cobertura_baixa_42.31%; headway_pico_alto_30.0min
3539-10,3539-10,Cid. Tiradentes - Metrô Bresser,0.23404255319148937,33.53,149,13.5,18.75,14.095,2,355030820A,False,0.8234999999999999,0.23404255319148937,0.6482047364400305,0.4761826975277538,cobertura_baixa_23.40%
N204-11,N204-11,Metrô Tucuruvi - Term. Pq. D. Pedro Ii,0.4594594594594595,15.125,14,,,21.86,2,355030857A,False,1.0,0.4594594594594595,0.15278838808250572,0.47556624615448145,cobertura_baixa_45.95%
271P-10,271P-10,Cangaíba - Pça Do Correio,0.24064171122994651,18.92,116,20.0,22.5,8.135,2,355030812A,False,1.0,0.24064171122994651,0.5148968678380443,0.4747899159663866,cobertura_baixa_24.06%; headway_pico_alto_20.0min
877T-10,877T-10,Vl. Anastácio - Metrô Paraíso,0.33004926108374383,19.075,79,30.0,30.0,10.69,2,355030878A,False,1.0,0.33004926108374383,0.36210847975553856,0.4736571744685335,cobertura_baixa_33.00%; headway_pico_alto_30.0min
7281-10,7281-10,Lapa - Pça. Ramos De Azevedo,0.375,21.48,56,17.5,20.0,10.83,1,355030878A,True,1.0,0.375,0.2845683728036669,0.47287051184110007,cobertura_baixa_37.50%; headway_pico_alto_17.5min
N335-11,N335-11,Term. Penha - Ermelino Matarazzo,0.5059288537549407,25.18,5,,,26.51,1,355030886A,True,1.0,0.5059288537549407,0.06608097784568373,0.47278872023117546,cobertura_baixa_50.59%
273V-10,273V-10,Parada Xv De Novembro - Metrô Penha,0.35714285714285715,18.134999999999998,64,30.0,37.5,9.815,2,355030868A,False,1.0,0.35714285714285715,0.3113063407181054,0.4719633307868602,cobertura_baixa_35.71%; headway_pico_alto_30.0min
4008-10,4008-10,Jd. Cibele - Term. Vl. Carrão,0.26785714285714285,16.3,105,22.5,22.5,12.145,2,355030859A,False,1.0,0.26785714285714285,0.45683728036669213,0.47097975553857907,cobertura_baixa_26.79%; headway_pico_alto_22.5min
N742-11,N742-11,Term. João Dias - Term. Pinheiros,0.4805194805194805,17.225,7,,,23.42,2,355030894A,False,1.0,0.4805194805194805,0.10007639419404125,0.47028265851795265,cobertura_baixa_48.05%
575A-10,575A-10,Div. São Caetano - Shop. Metrô Tatuapé,0.1597222222222222,14.33,144,12.75,15.0,11.095,2,355030871A,False,1.0,0.1597222222222222,0.6287242169595111,0.46847837619896443,cobertura_baixa_15.97%
1036-10,1036-10,Cohab Brasilândia - Conexão Vl. Iório,0.0,6.925,401,4.5,6.25,8.89,2,,False,0.865625,0.0,0.9816653934300993,0.46762461802902977,cobertura_baixa_0.00%
390E-10,390E-10,Term. Penha - Term. Pq. D. Pedro Ii,0.25925925925925924,10.56,105,22.5,27.5,9.705,2,355030857A,False,1.0,0.25925925925925924,0.45683728036669213,0.46668081373963727,cobertura_baixa_25.93%; headway_pico_alto_22.5min
N802-11,N802-11,Term. Pinheiros - Term. Pq. D. Pedro Ii,0.44144144144144143,10.93,14,,,16.22,2,355030833A,False,1.0,0.44144144144144143,0.15278838808250572,0.4665572371454724,cobertura_baixa_44.14%
N344-11,N344-11,Term. Penha - Vl. Cisper,0.49321266968325794,21.96,5,,,22.72,1,355030886A,True,1.0,0.49321266968325794,0.06608097784568373,0.4664306281953341,cobertura_baixa_49.32%
6258-31,6258-31,Jd. Sta. Margarida - Jd. Ibirapuera,0.3291139240506329,7.9750000000000005,74,30.0,30.0,9.379999999999999,2,355030809A,False,0.9968750000000001,0.3291139240506329,0.33995416348357527,0.46591821107038905,cobertura_baixa_32.91%; headway_pico_alto_30.0min
4015-10,4015-10,Pq. São Rafael - Term. São Mateus,0.3333333333333333,9.48,70,15.0,20.0,10.73,1,355030864A,True,1.0,0.3333333333333333,0.33040488922841865,0.46578813343519226,cobertura_baixa_33.33%
874T-10,874T-10,Ipiranga - Lapa,0.28365384615384615,22.025,92,27.5,30.0,9.66,2,355030878A,False,1.0,0.28365384615384615,0.4117647058823529,0.46535633484162897,cobertura_baixa_28.37%; headway_pico_alto_27.5min
2012-10,2012-10,Vl. Medeiros - Shop.d,0.38974358974358975,19.31,39,30.0,30.0,11.94,1,355030811A,True,1.0,0.38974358974358975,0.2322383498854087,0.4645432998374175,cobertura_baixa_38.97%; headway_pico_alto_30.0min
172Y-10,172Y-10,Vl. Constança - Metrô Belém,0.040983606557377046,12.2,207,8.5,12.0,10.85,2,355030813A,False,1.0,0.040983606557377046,0.8124522536287242,0.4642274793673058,cobertura_baixa_4.10%
6L10-10,6L10-10,Term. Varginha - Pq. Florestal   ,0.3867403314917127,17.99,40,30.0,30.0,14.39,1,355030807A,True,1.0,0.3867403314917127,0.23567608861726508,0.4640729923310359,cobertura_baixa_38.67%; headway_pico_alto_30.0min
6056-10,6056-10,Pq. Sta. Cecília - Term. Grajaú,0.05714285714285714,7.105,235,7.5,15.0,8.68,2,355030844A,False,0.888125,0.05714285714285714,0.8582887700534759,0.46368305958747136,cobertura_baixa_5.71%
1206-10,1206-10,Pq. Vl. Maria - Correio,0.31272727272727274,27.31,78,12.0,15.0,10.57,1,355030857A,True,1.0,0.31272727272727274,0.3575248281130634,0.4636210847975554,cobertura_baixa_31.27%
N404-11,N404-11,Term. São Mateus - Term. Penha,0.43373493975903615,16.6,14,,,25.215,2,355030859A,False,1.0,0.43373493975903615,0.15278838808250572,0.4627039863042698,cobertura_baixa_43.37%
3414-10,3414-10,Vl. Dalila - Term. Pq. D. Pedro Ii,0.16546762589928057,13.809999999999999,137,15.5,16.25,11.06,2,355030857A,False,1.0,0.16546762589928057,0.599694423223835,0.4626421399167908,cobertura_baixa_16.55%; headway_pico_alto_15.5min
2582-21,2582-21,Cid. Pedro José Nunes - Term. Pq. D. Pedro Ii,0.5039370078740157,25.25,4,45.0,,12.52,1,355030876A,True,1.0,0.5039370078740157,0.03208556149732621,0.46159417238620576,cobertura_baixa_50.39%; headway_pico_alto_45.0min
847P-42,847P-42,Brasilândia - Vl. Olímpia,0.37327188940092165,20.85,44,60.0,60.0,8.870000000000001,2,355030878A,False,1.0,0.37327188940092165,0.24789915966386555,0.4610056925996205,cobertura_baixa_37.33%; headway_pico_alto_60.0min
3736-10,3736-10,Jd. Nsa. Sra. Do Carmo - Metrô Artur Alvim,0.0,6.62,420,4.75,6.0,10.055,2,,False,0.8275,0.0,0.983957219251337,0.46068716577540103,cobertura_baixa_0.00%
2290-21,2290-21,São Mateus - Term. Pq. D. Pedro Ii,0.45714285714285713,20.82,8,22.5,,12.01,1,355030859A,True,1.0,0.45714285714285713,0.10618792971734148,0.46042780748663104,cobertura_baixa_45.71%; headway_pico_alto_22.5min
N231-11,N231-11,Term. Cachoeirinha - Pedra Branca,0.48095238095238096,20.89,5,,,20.89,1,355030872A,True,1.0,0.48095238095238096,0.06608097784568373,0.46030048382989563,cobertura_baixa_48.10%
8544-10,8544-10,Cid. D'abril 3ª Gleba - Pça. Do Correio,0.3524904214559387,26.02,54,45.0,60.0,12.805,2,355030878A,False,1.0,0.3524904214559387,0.27883880825057294,0.4598968532031412,cobertura_baixa_35.25%; headway_pico_alto_45.0min
407W-10,407W-10,Jd. Iv Centenário - Metrô Carrão,0.21428571428571427,14.504999999999999,115,20.0,20.0,11.015,2,355030859A,False,1.0,0.21428571428571427,0.5091673032849503,0.45989304812834225,cobertura_baixa_21.43%; headway_pico_alto_20.0min
N838-11,N838-11,Metrô Vl. Madalena - Est. Leopoldina,0.47692307692307695,12.83,5,,,20.81,1,355030822A,True,1.0,0.47692307692307695,0.06608097784568373,0.4582858318152436,cobertura_baixa_47.69%
4016-10,4016-10,Pq. São Rafael - Term. São Mateus,0.30434782608695654,9.05,77,15.0,20.0,9.7,1,355030864A,True,1.0,0.30434782608695654,0.3537051184110008,0.4582854485667785,cobertura_baixa_30.43%
6L04-10,6L04-10,Jd. Oriental/fontes - Term. Parelheiros,0.25742574257425743,10.055,97,15.0,30.0,14.03,2,355030867A,False,1.0,0.25742574257425743,0.4312452253628724,0.45808643889599043,cobertura_baixa_25.74%
546J-41,546J-41,Jd. Selma - Col. Sta. Maria,0.5466666666666666,7.33,1,,,12.94,1,355030865A,True,0.91625,0.5466666666666666,0.0038197097020626434,0.4577292462439521,cobertura_baixa_54.67%
8050-21,8050-21,Anhanguera - Lapa,0.475,19.85,5,20.0,,15.08,1,355030808B,True,1.0,0.475,0.06608097784568373,0.4573242933537051,cobertura_baixa_47.50%; headway_pico_alto_20.0min
3459-21,3459-21,Cem. Da Saudade - Term. Pq. D. Pedro Ii,0.4049586776859504,24.07,17,35.0,,14.16,1,355030818A,True,1.0,0.4049586776859504,0.17456073338426278,0.45484755885825406,cobertura_baixa_40.50%; headway_pico_alto_35.0min
4027-41,4027-41,Morro Do Cruzeiro - São Mateus,0.25609756097560976,8.129999999999999,94,22.5,27.5,11.17,2,355030864A,False,1.0,0.25609756097560976,0.42016806722689076,0.4540992006558721,cobertura_baixa_25.61%; headway_pico_alto_22.5min
775F-31,775F-31,Jd. Das Palmas - Pq. Do Povo,0.3855421686746988,33.07,62,20.0,15.0,12.48,1,355030894A,True,0.8465,0.3855421686746988,0.3059587471352177,0.4538587084779147,cobertura_baixa_38.55%; headway_pico_alto_20.0min
121G-10,121G-10,Pq. Novo Mundo - Metrô Tucuruvi,0.21674876847290642,20.19,111,10.0,12.0,10.72,1,355030879A,True,1.0,0.21674876847290642,0.48433919022154315,0.45367614130291617,cobertura_baixa_21.67%
8016-10,8016-10,Jd. Rincão - Term. Pirituba,0.0,11.07,225,8.0,12.0,10.86,2,,False,1.0,0.0,0.8418640183346066,0.452559205500382,cobertura_baixa_0.00%
N701-11,N701-11,Term. Sto. Amaro - Term. Pq. D. Pedro Ii,0.3977272727272727,19.055,16,,,22.83,2,355030833A,False,1.0,0.3977272727272727,0.16806722689075632,0.44928380443086324,cobertura_baixa_39.77%
3745-10,3745-10,Jd. Imperador - Metrô Tatuapé,0.044585987261146494,15.905,180,11.25,15.0,11.095,2,355030859A,False,1.0,0.044585987261146494,0.7532467532467533,0.44826701960459925,cobertura_baixa_4.46%
1025-10,1025-10,Jd. Carombé - Conexão Petrônio Portela,0.3,6.765000000000001,96,20.0,20.0,8.845,2,355030817A,False,0.8456250000000001,0.3,0.4274255156608098,0.447352654698243,cobertura_baixa_30.00%; headway_pico_alto_20.0min
8014-10,8014-10,Morro Doce - Perus,0.31486880466472306,34.19,99,10.0,12.0,15.66,1,355030873A,True,0.7905000000000001,0.31486880466472306,0.4346829640947288,0.44593929156078016,cobertura_baixa_31.49%
6057-10,6057-10,Vl. Natal - Term. Grajaú,0.028169014084507043,7.025,231,10.0,12.0,8.36,2,355030852A,False,0.878125,0.028169014084507043,0.8491214667685256,0.4444459470728112,cobertura_baixa_2.82%
2710-10,2710-10,Metrô Patriarca - Burgo Paulista,0.039603960396039604,9.91,179,5.5,9.0,11.66,1,355030886A,True,1.0,0.039603960396039604,0.7467532467532467,0.4438279542239938,cobertura_baixa_3.96%
3734-10,3734-10,Cid. Lider - Metrô Artur Alvim,0.0,6.015000000000001,384,5.5,8.0,10.93,2,,False,0.7518750000000001,0.0,0.9774637127578304,0.44361411382734917,cobertura_baixa_0.00%
6412-10,6412-10,Paraisópolis - Paulista,0.13529411764705881,16.755,134,15.0,20.0,10.7,2,355030894A,False,1.0,0.13529411764705881,0.5851795263559969,0.44320091673032846,cobertura_baixa_13.53%
1178-32,1178-32,Abel Tavares - Pça. Do Correio,0.44664031620553357,25.18,5,45.0,,13.37,1,355030886A,True,1.0,0.44664031620553357,0.06608097784568373,0.4431444514564719,cobertura_baixa_44.66%; headway_pico_alto_45.0min
N738-11,N738-11,Term. Guarapiranga - Pq. Do Lago,0.4377880184331797,21.6,5,,,20.9,1,355030824A,True,1.0,0.4377880184331797,0.06608097784568373,0.438718302570295,cobertura_baixa_43.78%
278A-10,278A-10,Metrô Santana - Penha  ,0.21393034825870647,19.19,99,22.5,25.0,9.79,2,355030811A,False,1.0,0.21393034825870647,0.4346829640947288,0.4373700633577719,cobertura_baixa_21.39%; headway_pico_alto_22.5min
N233-11,N233-11,Metrô Santana - Vl. Sabrina,0.43373493975903615,24.7,5,,,23.16,1,355030811A,True,1.0,0.43373493975903615,0.06608097784568373,0.43669176323322323,cobertura_baixa_43.37%
7267-10,7267-10,Apiacás - Pça. Ramos De Azevedo,0.27702702702702703,14.6,69,15.0,17.5,10.95,1,355030833A,True,1.0,0.27702702702702703,0.3269671504965623,0.4366036586624822,cobertura_baixa_27.70%
7282-10,7282-10,Pq. Continental - Pça. Ramos De Azevedo,0.6379690949227373,45.11,36,30.0,30.0,12.95,1,355030822A,True,0.24450000000000005,0.6379690949227373,0.2238349885408709,0.43503504402362997,cobertura_baixa_63.80%; headway_pico_alto_30.0min
3725-10,3725-10,Metrô Vl. Matilde - Vl. Dalila,0.0,7.56,210,4.0,6.0,9.86,1,,True,0.945,0.0,0.8177998472116119,0.4343399541634836,cobertura_baixa_0.00%
8300-1,8300-1,Term. Pirituba - Term. Lapa,0.33783783783783783,7.1899999999999995,56,52.5,30.0,10.795,2,355030878A,False,0.8987499999999999,0.33783783783783783,0.2845683728036669,0.43403943076001894,cobertura_baixa_33.78%; headway_pico_alto_52.5min
9019-10,9019-10,Jd. Paulistano - Term. Pirituba,0.0,6.46,270,6.5,10.0,7.53,2,,False,0.8075,0.0,0.9064171122994652,0.4334251336898396,cobertura_baixa_0.00%
2714-10,2714-10,Metrô Vl. Matilde - Vl. Rui Barbosa,0.0,11.66,188,5.5,7.0,12.06,1,,True,1.0,0.0,0.7723453017570665,0.43170359052711993,cobertura_baixa_0.00%
N536-11,N536-11,Term. Sacomã - Jd. Itápolis,0.6802884615384616,41.45,3,,,28.59,1,355030871A,True,0.4274999999999999,0.6802884615384616,0.01680672268907563,0.4306862475759534,cobertura_baixa_68.03%
2101-10,2101-10,Pça. Silvio Romero - Pça. Da Sé,0.3254437869822485,16.77,36,30.0,30.0,8.9,1,355030857A,True,1.0,0.3254437869822485,0.2238349885408709,0.4298723900533855,cobertura_baixa_32.54%; headway_pico_alto_30.0min
407R-10,407R-10,Term. Vl. Carrão - Metrô Belém,0.0,10.094999999999999,183,11.5,14.25,10.585,2,,False,1.0,0.0,0.7643239113827349,0.4292971734148205,cobertura_baixa_0.00%
2716-10,2716-10,Chác. Cruz. Do Sul - Metrô Penha,0.0,5.98,296,6.0,9.0,11.395,2,,False,0.7475,0.0,0.9323911382734912,0.4292173414820474,cobertura_baixa_0.00%
9014-42,9014-42,Jd. Iracema - Term. Lapa,0.43902439024390244,8.08,4,40.0,,9.51,1,355030878A,True,1.0,0.43902439024390244,0.03208556149732621,0.4291378635711491,cobertura_baixa_43.90%; headway_pico_alto_40.0min
342C-10,342C-10,Jd. Marília - Penha,0.1864406779661017,16.965,104,20.0,20.0,11.505,2,355030859A,False,1.0,0.1864406779661017,0.45263559969442324,0.4290110188913778,cobertura_baixa_18.64%; headway_pico_alto_20.0min
5119-22,5119-22,Term. João Dias - Lgo. São Francisco,0.3645833333333333,18.58,14,60.0,60.0,9.535,2,355030894A,False,1.0,0.3645833333333333,0.15278838808250572,0.42812818309141837,cobertura_baixa_36.46%; headway_pico_alto_60.0min
N236-11,N236-11,Metrô Santana - Jd. Antártica,0.4142857142857143,20.81,5,,,26.01,1,355030811A,True,1.0,0.4142857142857143,0.06608097784568373,0.4269671504965623,cobertura_baixa_41.43%
695Y-23,695Y-23,Est. Mendes/vl. Natal - Parelheiros,0.3832599118942731,22.6,9,30.0,,13.7,1,355030807A,True,1.0,0.3832599118942731,0.11726508785332315,0.42680948230313354,cobertura_baixa_38.33%; headway_pico_alto_30.0min
3735-10,3735-10,Metrô Artur Alvim - Jd. São João ,0.0,8.13,176,5.0,7.5,11.61,1,,True,1.0,0.0,0.7364400305576776,0.4209320091673033,cobertura_baixa_0.00%
N103-11,N103-11,Term. Pirituba - Term. Lapa,0.3333333333333333,7.965,18,,,19.5,2,355030878A,False,0.995625,0.3333333333333333,0.18372803666921314,0.4209100776674306,cobertura_baixa_33.33%
8017-10,8017-10,Cptm Vl. Aurora - Term. Pirituba,0.0,14.77,175,10.0,16.25,13.33,2,,False,1.0,0.0,0.7330022918258212,0.41990068754774634,cobertura_baixa_0.00%
3746-10,3746-10,Jd. Imperador - Metrô Belém,0.023076923076923078,13.215,164,13.5,15.0,10.309999999999999,2,355030816A,False,1.0,0.023076923076923078,0.693659281894576,0.41963624610683437,cobertura_baixa_2.31%
N839-11,N839-11,Metrô Butantã - Metrô Vl. Mariana,0.41295546558704455,24.58,4,,,20.48,1,355030808A,True,1.0,0.41295546558704455,0.03208556149732621,0.41610340124272016,cobertura_baixa_41.30%
N144-11,N144-11,Term. Cachoeirinha - Hospital Brasilândia,0.3609467455621302,16.8,9,,,22.4,1,355030872A,True,1.0,0.3609467455621302,0.11726508785332315,0.41565289913706205,cobertura_baixa_36.09%
233C-10,233C-10,Term. A. E. Carvalho - Ceret,0.10309278350515463,19.14,122,17.5,22.5,11.739999999999998,2,355030818A,False,1.0,0.10309278350515463,0.5439266615737204,0.41472439022469343,cobertura_baixa_10.31%; headway_pico_alto_17.5min
N402-11,N402-11,Metrô Itaquera - Term. Vl. Carrão,0.32592592592592595,13.605,16,,,23.685,2,355030859A,False,1.0,0.32592592592592595,0.16806722689075632,0.41338313103018987,cobertura_baixa_32.59%
6L04-41,6L04-41,Jd. Das Fontes - Term. Parelheiros,0.36619718309859156,7.07,16,30.0,,16.345,2,355030867A,False,0.88375,0.36619718309859156,0.16806722689075632,0.4102687596165227,cobertura_baixa_36.62%; headway_pico_alto_30.0min
701H-10,701H-10,Hospital Guarapiranga - Circular,0.5,2.86,59,13.5,20.0,10.09,1,355030824A,True,0.3575,0.5,0.2922077922077922,0.40916233766233767,cobertura_baixa_50.00%
8065-10,8065-10,Hab. Turística - Lapa,0.2792207792207792,14.370000000000001,36,60.0,60.0,11.81,2,355030851A,False,1.0,0.2792207792207792,0.2238349885408709,0.4067608861726509,cobertura_baixa_27.92%; headway_pico_alto_60.0min
N841-11,N841-11,Term. Vl. Mariana - Sta. Cecília,0.3710691823899371,15.78,5,,,16.32,1,355030833A,True,1.0,0.3710691823899371,0.06608097784568373,0.40535888454867364,cobertura_baixa_37.11%
3901-10,3901-10,Jd. Danfer - Metrô Penha,0.18584070796460178,10.370000000000001,82,25.0,30.0,9.81,2,355030886A,False,1.0,0.18584070796460178,0.3724216959511077,0.4046468627676332,cobertura_baixa_18.58%; headway_pico_alto_25.0min
N104-11,N104-11,Term. Pirituba - Term. Lapa,0.33783783783783783,7.22,18,,,18.045,2,355030878A,False,0.9025,0.33783783783783783,0.18372803666921314,0.40453732991968283,cobertura_baixa_33.78%
N440-11,N440-11,Term. Vl. Carrão - Savoy/dalila,0.36792452830188677,21.1,5,,,20.42,1,355030859A,True,1.0,0.36792452830188677,0.06608097784568373,0.40378655750464854,cobertura_baixa_36.79%
N842-11,N842-11,Term. Pinheiros - Cohab Raposo Tavares,0.767578125,51.08,5,,,22.87,1,355030896A,True,0.0,0.767578125,0.06608097784568373,0.4036133558537051,cobertura_baixa_76.76%
875P-10,875P-10,Metrô Barra Funda - Metrô Ana Rosa,0.05454545454545454,10.835,132,16.25,16.25,8.809999999999999,2,355030860A,False,1.0,0.05454545454545454,0.577922077922078,0.4006493506493507,cobertura_baixa_5.45%; headway_pico_alto_16.2min
274P-10,274P-10,Penha - Metrô Vl. Mariana,0.18994413407821228,19.634999999999998,76,27.5,30.0,9.809999999999999,2,355030857A,False,1.0,0.18994413407821228,0.34988540870893814,0.3999376896517876,cobertura_baixa_18.99%; headway_pico_alto_27.5min
N201-11,N201-11,Metrô Tucuruvi - Term. Pq. D. Pedro Ii,0.3076923076923077,18.25,14,,,23.545,2,355030879A,False,1.0,0.3076923076923077,0.15278838808250572,0.3996826702709056,cobertura_baixa_30.77%
271A-51,271A-51,Cangaíba - Metrô Santana,0.1111111111111111,21.845,108,22.5,20.0,12.129999999999999,2,355030811A,False,1.0,0.1111111111111111,0.4698242933537051,0.3965028435616671,cobertura_baixa_11.11%; headway_pico_alto_22.5min
2026-10,2026-10,Jaçanã - Pq. Novo Mundo,0.18584070796460178,11.855,75,30.0,30.0,10.855,2,355030813A,False,1.0,0.18584070796460178,0.3449197860962567,0.3963962898111779,cobertura_baixa_18.58%; headway_pico_alto_30.0min
6051-31,6051-31,Jd. Itajaí - Term. Est. Varginha,0.35,4.18,86,30.0,30.0,8.774999999999999,2,355030844A,False,0.5225,0.35,0.3884644766997708,0.3960393430099312,cobertura_baixa_35.00%; headway_pico_alto_30.0min
2175-10,2175-10,Pq. Edu Chaves - Term. Pq. D. Pedro Ii,0.1625,16.14,84,30.0,30.0,11.25,2,355030857A,False,1.0,0.1625,0.3804430863254393,0.3953829258976318,cobertura_baixa_16.25%; headway_pico_alto_30.0min
3796-10,3796-10,Gleba Do Pessego - Metrô Itaquera,0.0,10.46,149,12.0,20.0,11.64,2,,False,1.0,0.0,0.6482047364400305,0.3944614209320092,cobertura_baixa_0.00%
6L07-10,6L07-10,Jd. Sta. Fé - Term. Varginha,0.18181818181818182,9.92,74,30.0,30.0,13.695,2,355030867A,False,1.0,0.18181818181818182,0.33995416348357527,0.3928953399541635,cobertura_baixa_18.18%; headway_pico_alto_30.0min
3728-41,3728-41,Metrô Artur Alvim - Pq. Nova Savoy,0.18947368421052632,9.35,68,15.0,20.0,9.51,1,355030859A,True,1.0,0.18947368421052632,0.3227654698242933,0.39156648305255115,cobertura_baixa_18.95%
776M-10,776M-10,Term. áGua Espraiada - Aeroporto,0.12244897959183673,14.5,97,11.0,12.0,17.4,1,355030820B,True,1.0,0.12244897959183673,0.4312452253628724,0.3905980574047801,cobertura_baixa_12.24%
N301-11,N301-11,Term. A. E. Carvalho - Term. Pq. D. Pedro Ii,0.2755102040816326,19.285,17,,,24.619999999999997,2,355030857A,False,1.0,0.2755102040816326,0.17456073338426278,0.3901233220560951,cobertura_baixa_27.55%
4033-21,4033-21,São Mateus - Nova Conquista,0.34375,6.215,28,13.5,,12.43,2,355030864A,False,0.776875,0.34375,0.20626432391138275,0.3891292971734148,cobertura_baixa_34.38%
351F-10,351F-10,Jaçanã - Term. Vl. Carrão,0.10726643598615918,28.775,103,22.5,25.0,10.405000000000001,2,355030813A,False,1.0,0.10726643598615918,0.44919786096256686,0.38839257628184964,cobertura_baixa_10.73%; headway_pico_alto_22.5min
N438-11,N438-11,Metrô Itaquera - Hosp. Sta. Marcelina,0.33064516129032256,24.61,5,,,21.4,1,355030801B,True,1.0,0.33064516129032256,0.06608097784568373,0.3851468739988664,cobertura_baixa_33.06%
609J-10,609J-10,Aeroporto - Metrô São Judas,0.19469026548672566,11.11,59,20.0,20.0,10.1,1,355030820B,True,1.0,0.19469026548672566,0.2922077922077922,0.3850074704057005,cobertura_baixa_19.47%; headway_pico_alto_20.0min
3139-10,3139-10,Jd. Vl. Formosa - Pça. João Mendes,0.19205298013245034,15.545000000000002,60,52.5,30.0,9.829999999999998,2,355030833A,False,1.0,0.19205298013245034,0.29640947288006114,0.3849493319302435,cobertura_baixa_19.21%; headway_pico_alto_52.5min
6031-10,6031-10,Term. Grajaú - Est. Mendes/vl. Natal,0.0,4.16,296,6.25,12.0,8.805,2,,False,0.52,0.0,0.9323911382734912,0.3837173414820474,cobertura_baixa_0.00%
6003-10,6003-10,Term. Grajaú - Term. Varginha,0.24528301886792453,6.075,77,30.0,30.0,11.035,2,355030852A,False,0.759375,0.24528301886792453,0.3537051184110008,0.38062804495726255,cobertura_baixa_24.53%; headway_pico_alto_30.0min
2019-10,2019-10,Pq. Paineiras - Shop. Penha,0.0,11.07,137,15.0,15.0,11.245000000000001,2,,False,1.0,0.0,0.599694423223835,0.3799083269671505,cobertura_baixa_0.00%
6L04-42,6L04-42,Jd. Oriental - Term. Parelheiros,0.25742574257425743,10.055,16,30.0,,16.43,2,355030867A,False,1.0,0.25742574257425743,0.16806722689075632,0.3791330393543556,cobertura_baixa_25.74%; headway_pico_alto_30.0min
6L03-10,6L03-10,Cipó Do Meio - Term. Parelheiros,0.18705035971223022,14.07,56,52.5,60.0,16.39,2,355030867A,False,1.0,0.18705035971223022,0.2845683728036669,0.3788956916972152,cobertura_baixa_18.71%; headway_pico_alto_52.5min
1177-31,1177-31,Term. A. E. Carvalho - Luz,0.28695652173913044,23.18,9,42.5,,12.445,2,355030857A,False,1.0,0.28695652173913044,0.11726508785332315,0.3786577872255622,cobertura_baixa_28.70%; headway_pico_alto_42.5min
1023-10,1023-10,Vl. Pirituba - Cptm Pirituba,0.205607476635514,10.56,45,20.0,30.0,8.68,1,355030851A,True,1.0,0.205607476635514,0.25133689839572193,0.3782048078364736,cobertura_baixa_20.56%; headway_pico_alto_20.0min
5194-10,5194-10,Jd. Apurá - Pq. Ibirapuera,0.5470085470085471,46.68,40,30.0,30.0,12.28,1,355030865A,True,0.16600000000000004,0.5470085470085471,0.23567608861726508,0.37740710008945305,cobertura_baixa_54.70%; headway_pico_alto_30.0min
9020-10,9020-10,Vl. Mirante - Term. Pirituba,0.0,5.405,202,9.5,12.0,8.66,2,,False,0.675625,0.0,0.7998472116119175,0.3750791634835753,cobertura_baixa_0.00%
1014-10,1014-10,Cptm Perus - Morro Doce,0.22569444444444445,28.67,28,45.0,60.0,15.5,1,355030873A,True,1.0,0.22569444444444445,0.20626432391138275,0.37472651939563706,cobertura_baixa_22.57%; headway_pico_alto_45.0min
N640-11,N640-11,Term. Sto. Amaro - Eldorado,0.38181818181818183,32.82,4,,,23.17,1,355030834A,True,0.859,0.38181818181818183,0.03208556149732621,0.37233475935828875,cobertura_baixa_38.18%
1178-42,1178-42,Conj. Hab. Vl. Sílvia - Pça. Do Correio,0.3392857142857143,22.25,2,30.0,,14.83,1,355030812A,True,1.0,0.3392857142857143,0.008403361344537815,0.3721638655462185,cobertura_baixa_33.93%; headway_pico_alto_30.0min
2709-10,2709-10,Metrô Patriarca - Vl. União,0.0,9.1,131,7.0,12.0,11.37,1,,True,1.0,0.0,0.573720397249809,0.3721161191749427,cobertura_baixa_0.00%
N506-11,N506-11,Term. Sacomã - Metrô Vl. Madalena,0.25165562913907286,14.77,14,,,21.36,2,355030871A,False,1.0,0.25165562913907286,0.15278838808250572,0.37166433099428814,cobertura_baixa_25.17%
917M-31,917M-31,Morro Grande - Metrô Ana Rosa,0.26506024096385544,23.02,10,42.5,,11.335,2,355030860A,False,1.0,0.26506024096385544,0.12757830404889228,0.3708036116965954,cobertura_baixa_26.51%; headway_pico_alto_42.5min
1021-10,1021-10,Cohab Brasilândia - Term. Pirituba,0.0,9.63,130,15.0,20.0,12.43,2,,False,1.0,0.0,0.5676088617265088,0.3702826585179526,cobertura_baixa_0.00%
1034-10,1034-10,Vl. Iara - Conexão Vl. Iório,0.0,3.59,297,5.5,10.0,9.82,2,,False,0.44875,0.0,0.9343009931245225,0.37004029793735677,cobertura_baixa_0.00%
1019-10,1019-10,Sol Nascente - Term. Pirituba,0.1510791366906475,13.515,65,30.0,30.0,13.295,2,355030851A,False,1.0,0.1510791366906475,0.3139801375095493,0.3697336095981885,cobertura_baixa_15.11%; headway_pico_alto_30.0min
6L01-23,6L01-23,Embura - Term. Varginha,0.31891891891891894,18.38,4,60.0,,19.35,1,355030807A,True,1.0,0.31891891891891894,0.03208556149732621,0.36908512790865733,cobertura_baixa_31.89%; headway_pico_alto_60.0min
1012-10,1012-10,Term. Jd. Britania - Jd. Monte Belo,0.0,13.66,129,8.0,12.0,14.9,1,,True,1.0,0.0,0.5622612681436211,0.3686783804430863,cobertura_baixa_0.00%
4036-10,4036-10,Metrô Itaquera - Term. Vl. Carrão,0.02040816326530612,9.395,118,20.0,20.0,11.64,2,355030859A,False,1.0,0.02040816326530612,0.5252100840336135,0.3677671068427371,cobertura_baixa_2.04%; headway_pico_alto_20.0min
N507-11,N507-11,Term. Vl. Prudente - Metrô Santana,0.24271844660194175,19.564999999999998,14,,,25.619999999999997,2,355030869A,False,1.0,0.24271844660194175,0.15278838808250572,0.3671957397257226,cobertura_baixa_24.27%
6063-42,6063-42,Chác. Sto. Amaro - Term. Est. Varginha,0.09821428571428571,10.780000000000001,86,30.0,30.0,14.100000000000001,2,355030844A,False,1.0,0.09821428571428571,0.3884644766997708,0.3656464858670741,cobertura_baixa_9.82%; headway_pico_alto_30.0min
N537-11,N537-11,Metrô Vl. Mariana - Term. Vl. Prudente,0.2895927601809955,21.99,5,,,21.99,1,355030871A,True,1.0,0.2895927601809955,0.06608097784568373,0.3646206734442029,cobertura_baixa_28.96%
N840-11,N840-11,Term. Vl. Mariana - Sta. Cecília,0.28901734104046245,17.15,5,,,18.05,1,355030833A,True,1.0,0.28901734104046245,0.06608097784568373,0.3643329638739363,cobertura_baixa_28.90%
N733-11,N733-11,Term. Jd. âNgela - Vl. Gilda,0.28365384615384615,20.6,5,,,18.45,1,355030824A,True,1.0,0.28365384615384615,0.06608097784568373,0.3616512164306282,cobertura_baixa_28.37%
407I-10,407I-10,Conj. Manoel Da Nóbrega - Metrô Bresser,0.01694915254237288,18.255,114,18.75,25.0,13.465,2,355030859A,False,1.0,0.01694915254237288,0.5019098548510313,0.35904753272649587,cobertura_baixa_1.69%; headway_pico_alto_18.8min
6L02-10,6L02-10,Jd. Eucaliptos - Term. Parelheiros,0.17687074829931973,14.665,34,60.0,60.0,17.955,2,355030867A,False,1.0,0.17687074829931973,0.21657754010695188,0.35340863618174545,cobertura_baixa_17.69%; headway_pico_alto_60.0min
2203-10,2203-10,Burgo Paulista - Shop. Penha,0.0,13.385000000000002,115,15.0,20.0,12.17,2,,False,1.0,0.0,0.5091673032849503,0.3527501909854851,cobertura_baixa_0.00%
3903-10,3903-10,Jd. Vl. Nova - Penha,0.18478260869565216,27.48,26,45.0,60.0,13.19,1,355030818A,True,1.0,0.18478260869565216,0.19977081741787625,0.352322549573189,cobertura_baixa_18.48%; headway_pico_alto_45.0min
9015-10,9015-10,Vl. Zatt - Term. Pirituba,0.0,4.66,192,11.5,10.0,8.735,2,,False,0.5825,0.0,0.780366692131398,0.3506100076394194,cobertura_baixa_0.00%
N142-11,N142-11,Term. Pirituba - Term. Casa Verde,0.26013513513513514,29.43,5,,,27.17,1,355030860A,True,1.0,0.26013513513513514,0.06608097784568373,0.34989186092127267,cobertura_baixa_26.01%
2710-31,2710-31,Metrô Patriarca - Term. A. E. Carvalho,0.13829787234042554,9.29,50,20.0,20.0,11.86,1,355030876A,True,1.0,0.13829787234042554,0.2669977081741788,0.3492482486224664,cobertura_baixa_13.83%; headway_pico_alto_20.0min
3462-41,3462-41,Jd. Vl. Nova - Metrô Tatuapé,0.24175824175824176,18.07,6,60.0,,13.39,1,355030818A,True,1.0,0.24175824175824176,0.09434682964094729,0.34918316977140507,cobertura_baixa_24.18%; headway_pico_alto_60.0min
2712-10,2712-10,Jd. São Nicolau - Shop. Metrô Itaquera,0.0,12.39,113,7.5,13.5,12.19,1,,True,1.0,0.0,0.49541634835752485,0.34862490450725747,cobertura_baixa_0.00%
9011-21,9011-21,Cptm Jaraguá - City Jaraguá,0.0,14.59,113,10.0,12.0,10.42,1,,True,1.0,0.0,0.49541634835752485,0.34862490450725747,cobertura_baixa_0.00%
N739-11,N739-11,Term. Capelinha - Jd. Universal,0.2532467532467532,15.21,5,,,16.59,1,355030863A,True,1.0,0.2532467532467532,0.06608097784568373,0.34644766997708176,cobertura_baixa_25.32%
N136-11,N136-11,Term. Lapa - Morro Doce,0.4739454094292804,40.11,4,,,30.08,1,355030808B,True,0.49450000000000005,0.4739454094292804,0.03208556149732621,0.345498373163838,cobertura_baixa_47.39%
626A-10,626A-10,Cantinho Do Céu - Mar Paulista,0.2777777777777778,5.23,45,15.0,30.0,10.46,1,355030838A,True,0.65375,0.2777777777777778,0.25133689839572193,0.3450399584076055,cobertura_baixa_27.78%
8006-10,8006-10,Jd. Donária - Term. Pirituba,0.0,12.879999999999999,110,18.75,25.0,11.955,2,,False,1.0,0.0,0.479755538579068,0.3439266615737204,cobertura_baixa_0.00%; headway_pico_alto_18.8min
6082-10,6082-10,Conexão Terminais - Conexão Terminais,0.0,3.16,252,5.0,5.0,9.48,1,,True,0.395,0.0,0.880061115355233,0.3430183346065699,cobertura_baixa_0.00%
272N-10,272N-10,Pq. Novo Mundo - Pq. D. Pedro Ii,0.21238938053097345,33.74,43,30.0,30.0,9.08,1,355030857A,True,0.813,0.21238938053097345,0.24446142093200918,0.3421331165450895,cobertura_baixa_21.24%; headway_pico_alto_30.0min
6L05-21,6L05-21,Cid. Nova América - Term. Parelheiros,0.2777777777777778,8.86,2,,,17.15,1,355030867A,True,1.0,0.2777777777777778,0.008403361344537815,0.34140989729225024,cobertura_baixa_27.78%
3206-10,3206-10,Metrô Penha - Conj. Chaparral,0.0,10.07,108,10.0,10.0,12.33,1,,True,1.0,0.0,0.4698242933537051,0.3409472880061115,cobertura_baixa_0.00%
6099-10,6099-10,Term. Grajaú - Divisa De Embu-guaçu,0.3014705882352941,40.67,68,15.0,20.0,16.83,1,355030807A,True,0.4664999999999999,0.3014705882352941,0.3227654698242933,0.34086493506493504,cobertura_baixa_30.15%
9188-42,9188-42,Capela Da Lagoa - Lapa,0.17482517482517482,14.875,16,30.0,,12.355,2,355030878A,False,1.0,0.17482517482517482,0.16806722689075632,0.3378327554798143,cobertura_baixa_17.48%; headway_pico_alto_30.0min
178Y-21,178Y-21,Conj. Dos Bancários - Metrô Jd. São Paulo,0.32608695652173914,4.74,18,20.0,,8.05,2,355030811A,False,0.5925,0.32608695652173914,0.18372803666921314,0.33666188926163354,cobertura_baixa_32.61%; headway_pico_alto_20.0min
2709-31,2709-31,Metrô Patriarca - Vl. União,0.0,8.1,102,8.0,15.0,11.05,1,,True,1.0,0.0,0.4449961802902979,0.33349885408708935,cobertura_baixa_0.00%
N232-11,N232-11,Metrô Tucuruvi - Pq. Novo Mundo,0.22594142259414227,23.79,5,,,27.99,1,355030879A,True,1.0,0.22594142259414227,0.06608097784568373,0.33279500465077627,cobertura_baixa_22.59%
N401-11,N401-11,Term. Vl. Carrão - Term. Pq. D. Pedro Ii,0.16778523489932887,15.205,14,,,24.655,2,355030857A,False,1.0,0.16778523489932887,0.15278838808250572,0.32972913387441616,cobertura_baixa_16.78%
3746-31,3746-31,Jd. Imperador - Metrô Belém,0.15447154471544716,12.475000000000001,17,20.0,,10.145,2,355030869A,False,1.0,0.15447154471544716,0.17456073338426278,0.3296039923730024,cobertura_baixa_15.45%; headway_pico_alto_20.0min
N432-11,N432-11,Term. São Mateus - Jd. Sto. André,0.21666666666666667,17.82,5,,,20.96,1,355030864A,True,1.0,0.21666666666666667,0.06608097784568373,0.32815762668703846,cobertura_baixa_21.67%
3725-41,3725-41,Metrô Vl. Matilde - Vl. Aricanduva,0.0,6.68,120,7.0,12.0,9.32,1,,True,0.835,0.0,0.5343773873185638,0.32731321619556913,cobertura_baixa_0.00%
4724-10,4724-10,Metrô Patriarca - Vl. Nhocuné,0.0,8.35,95,10.0,12.0,13.18,1,,True,1.0,0.0,0.4232238349885409,0.3269671504965623,cobertura_baixa_0.00%
N636-11,N636-11,Term. Grajaú - Jd. Noronha,0.36885245901639346,36.47,3,,,23.28,1,355030844A,True,0.6765000000000001,0.36885245901639346,0.01680672268907563,0.32476824631491946,cobertura_baixa_36.89%
4310-21,4310-21,Artur Alvim - Term. Pq. D. Pedro Ii,0.1657142857142857,17.38,12,15.0,,14.28,1,355030857A,True,1.0,0.1657142857142857,0.13521772345301758,0.32342245989304813,cobertura_baixa_16.57%
2735-21,2735-21,Jd. São Francisco - Metrô Penha,0.0,8.655000000000001,91,25.0,22.5,10.655000000000001,2,,False,1.0,0.0,0.4052711993888464,0.3215813598166539,cobertura_baixa_0.00%; headway_pico_alto_25.0min
N342-11,N342-11,Term. Penha     - Jd. Danfer,0.19534883720930232,21.34,5,,,20.32,1,355030886A,True,1.0,0.19534883720930232,0.06608097784568373,0.3174987119583563,cobertura_baixa_19.53%
213E-10,213E-10,Pq. Edu Chaves - Metrô Belém,0.0,15.305,86,25.0,30.0,11.98,2,,False,1.0,0.0,0.3884644766997708,0.31653934300993125,cobertura_baixa_0.00%; headway_pico_alto_25.0min
607A-21,607A-21,Jd. Apurá - Est. Jurubatuba,0.0,11.55,86,20.0,20.0,10.195,2,,False,1.0,0.0,0.3884644766997708,0.31653934300993125,cobertura_baixa_0.00%; headway_pico_alto_20.0min
8009-10,8009-10,Cid. D'abril 3ª Gleba - Term. Pirituba,0.08181818181818182,10.754999999999999,43,60.0,60.0,12.545,2,355030851A,False,1.0,0.08181818181818182,0.24446142093200918,0.3142475171886937,cobertura_baixa_8.18%; headway_pico_alto_60.0min
1015-10,1015-10,Term. Jd. Britânia - Chác. Maria Trindade,0.0,15.63,84,11.0,20.0,20.39,1,,True,1.0,0.0,0.3804430863254393,0.31413292589763175,cobertura_baixa_0.00%
606Y-10,606Y-10,Est. Mendes/vl. Natal - Chác. Do Conde,0.11594202898550725,6.7,59,17.5,20.0,12.18,1,355030844A,True,0.8375,0.11594202898550725,0.2922077922077922,0.3131333521550913,cobertura_baixa_11.59%; headway_pico_alto_17.5min
2435-10,2435-10,Jd. Coimbra - Term. Aricanduva,0.0,10.43,83,30.0,30.0,10.35,2,,False,1.0,0.0,0.37509549274255155,0.31252864782276546,cobertura_baixa_0.00%; headway_pico_alto_30.0min
N308-11,N308-11,Metrô Itaquera - Term. Pq. D. Pedro Ii,0.11917098445595854,19.245,17,,,27.21,2,355030857A,False,1.0,0.11917098445595854,0.17456073338426278,0.31195371224325813,cobertura_baixa_11.92%
2033-10,2033-10,Vl. Sabrina - Shop. D,0.1585014409221902,34.55,45,30.0,30.0,13.91,1,355030811A,True,0.7725000000000002,0.1585014409221902,0.25133689839572193,0.30915178997981174,cobertura_baixa_15.85%; headway_pico_alto_30.0min
6021-10,6021-10,Term. Varginha - Jd. Nova Era,0.0,11.66,78,12.0,20.0,11.47,1,,True,1.0,0.0,0.3575248281130634,0.307257448433919,cobertura_baixa_0.00%
8013-41,8013-41,Term. Jd. Britania - Jd. Paineiras,0.0,8.78,75,11.0,30.0,14.24,1,,True,1.0,0.0,0.3449197860962567,0.303475935828877,cobertura_baixa_0.00%
8009-31,8009-31,Cid. D'abril 3ª Gleba - Term. Pirituba,0.0,19.195,74,30.0,30.0,12.805,2,,False,1.0,0.0,0.33995416348357527,0.3019862490450726,cobertura_baixa_0.00%; headway_pico_alto_30.0min
1012-21,1012-21,Term. Jd. Britânia - Jd. Rosinha,0.0,7.04,92,9.0,15.0,13.63,1,,True,0.88,0.0,0.4117647058823529,0.2995294117647059,cobertura_baixa_0.00%
6L10-41,6L10-41,Messiânica - Term. Varginha,0.0,11.555,66,30.0,45.0,14.04,2,,False,1.0,0.0,0.31741787624140566,0.29522536287242174,cobertura_baixa_0.00%; headway_pico_alto_30.0min
2451-10,2451-10,Vl. São Francisco - Term. Aricanduva,0.0,9.895,62,30.0,52.5,10.24,2,,False,1.0,0.0,0.3059587471352177,0.2917876241405653,cobertura_baixa_0.00%; headway_pico_alto_30.0min
N303-11,N303-11,Term. A. E. Carvalho - Term. Aricanduva,0.11940298507462686,13.23,7,,,24.05,2,355030818A,False,1.0,0.11940298507462686,0.10007639419404125,0.2897244107955258,cobertura_baixa_11.94%
6063-43,6063-43,Vl. Da Paz - Term. Est. Varginha,0.058823529411764705,16.605,25,60.0,60.0,15.754999999999999,2,355030844A,False,1.0,0.058823529411764705,0.1982429335370512,0.2888846447669977,cobertura_baixa_5.88%; headway_pico_alto_60.0min
6913-21,6913-21,Term. Varginha - Itaim Bibi,0.41821946169772256,48.16,25,30.0,15.0,13.83,1,355030834A,True,0.09200000000000019,0.41821946169772256,0.1982429335370512,0.2869826109099767,cobertura_baixa_41.82%; headway_pico_alto_30.0min
372F-10,372F-10,Univ. São Judas Tadeu - Metrô Bresser,0.0,1.615,210,8.25,10.0,6.28,2,,False,0.201875,0.0,0.8177998472116119,0.2857149541634836,cobertura_baixa_0.00%
6075-10,6075-10,Jd. Rec. Campo Belo - Term. Varginha,0.0,5.0649999999999995,118,20.0,20.0,9.649999999999999,2,,False,0.6331249999999999,0.0,0.5252100840336135,0.284188025210084,cobertura_baixa_0.00%; headway_pico_alto_20.0min
N639-11,N639-11,Term. Grajaú - Vargem Grande,0.36626506024096384,41.4,3,,,22.18,1,355030867A,True,0.43000000000000005,0.36626506024096384,0.01680672268907563,0.27417454692720467,cobertura_baixa_36.63%
6418-10,6418-10,Real Pq. - Brooklin Novo,0.0,22.11,40,30.0,30.0,9.02,1,,True,1.0,0.0,0.23567608861726508,0.2707028265851795,cobertura_baixa_0.00%; headway_pico_alto_30.0min
N405-11,N405-11,Term. Vl. Carrão - Metrô Itaquera,0.030927835051546393,10.004999999999999,18,,,21.845,2,355030859A,False,1.0,0.030927835051546393,0.18372803666921314,0.2705823285265372,cobertura_baixa_3.09%
2024-10,2024-10,Dib - Cachoeira,0.0,9.22,35,30.0,30.0,21.28,1,,True,1.0,0.0,0.22001527883880825,0.2660045836516425,cobertura_baixa_0.00%; headway_pico_alto_30.0min
3737-31,3737-31,Metrô Guilhermina/esperança  - Circular,0.0,5.21,103,10.0,12.0,11.16,1,,True,0.65125,0.0,0.44919786096256686,0.26500935828877004,cobertura_baixa_0.00%
9018-10,9018-10,Vl. Mirante - Term. Pirituba,0.0,6.31,77,12.0,15.0,8.06,1,,True,0.78875,0.0,0.3537051184110008,0.2638615355233002,cobertura_baixa_0.00%
2713-10,2713-10,Metrô Penha - Chác. Bela Vista,0.0,7.9,32,30.0,30.0,9.67,1,,True,0.9875,0.0,0.21122994652406418,0.26086898395721925,cobertura_baixa_0.00%; headway_pico_alto_30.0min
N133-11,N133-11,Term. Pirituba - Cid. D’abril 3ª Gleba,0.07981220657276995,21.1,5,,,24.82,1,355030851A,True,1.0,0.07981220657276995,0.06608097784568373,0.2597303966400901,cobertura_baixa_7.98%
1026-10,1026-10,Vl. Iara - Conexão Petrônio Portela,0.0,4.745,106,17.5,20.0,10.350000000000001,2,,False,0.593125,0.0,0.46065699006875477,0.2568220970206264,cobertura_baixa_0.00%; headway_pico_alto_17.5min
6019-10,6019-10,Term. Guarapiranga - Jd. Alfredo,0.03571428571428571,5.5,73,12.0,17.5,8.68,1,355030809A,True,0.6875,0.03571428571428571,0.3365164247517189,0.25631207028265857,cobertura_baixa_3.57%
N407-11,N407-11,Term. Vl. Carrão - Metrô Belém,0.0,10.105,18,,,20.215,2,,False,1.0,0.0,0.18372803666921314,0.25511841100076393,cobertura_baixa_0.00%
6003-21,6003-21,Term. Varginha - Est. Mendes/vl. Natal,0.0,6.03,61,20.0,20.0,9.05,1,,True,0.75375,0.0,0.3009931245225363,0.2410479373567609,cobertura_baixa_0.00%; headway_pico_alto_20.0min
N433-11,N433-11,Term. Vl. Carrão - Metrô Belém,0.0,12.105,10,,,21.36,2,,False,1.0,0.0,0.12757830404889228,0.2382734912146677,cobertura_baixa_0.00%
N140-11,N140-11,Term. Pirituba - Vl. Mirante,0.0,9.36,9,,,19.37,1,,True,1.0,0.0,0.11726508785332315,0.23517952635599695,cobertura_baixa_0.00%
9015-31,9015-31,Vl. Zatt - Term. Pirituba,0.0,4.9350000000000005,76,10.0,,8.84,2,,False,0.6168750000000001,0.0,0.34988540870893814,0.22834062261268145,cobertura_baixa_0.00%
3735-21,3735-21,Metrô Artur Alvim - Jd. São João ,0.0,6.39,34,7.0,,11.98,1,,True,0.79875,0.0,0.21657754010695188,0.22472326203208556,cobertura_baixa_0.00%
1027-10,1027-10,Term Jd Britânia - Itaberaba I,0.0,6.34,34,20.0,45.0,9.51,1,,True,0.7925,0.0,0.21657754010695188,0.22347326203208556,cobertura_baixa_0.00%; headway_pico_alto_20.0min
N135-11,N135-11,Term. Pirituba - Jd. Donária,0.0,26.13,5,,,26.13,1,,True,1.0,0.0,0.06608097784568373,0.21982429335370512,cobertura_baixa_0.00%
N139-11,N139-11,Term. Pirituba - Jd. Paulistano,0.0,12.91,5,,,16.14,1,,True,1.0,0.0,0.06608097784568373,0.21982429335370512,cobertura_baixa_0.00%
N137-11,N137-11,Term. Pirituba - Perus,0.4016393442622951,48.68,3,,,22.64,1,355030873A,True,0.06600000000000006,0.4016393442622951,0.01680672268907563,0.21906168893787026,cobertura_baixa_40.16%
4008-21,4008-21,Cohab José Bonifácio C  - Circular,0.0,6.15,34,30.0,30.0,12.3,1,,True,0.76875,0.0,0.21657754010695188,0.21872326203208559,cobertura_baixa_0.00%; headway_pico_alto_30.0min
3735-41,3735-41,Metrô Artur Alvim - Jd. São José,0.0,4.52,49,20.0,30.0,6.78,1,,True,0.565,0.0,0.2643239113827349,0.19229717341482044,cobertura_baixa_0.00%; headway_pico_alto_20.0min
4019-10,4019-10,Metrô Itaquera  - Circular,0.0,3.52,65,15.0,20.0,9.18,1,,True,0.44,0.0,0.3139801375095493,0.18219404125286479,cobertura_baixa_0.00%
6063-21,6063-21,Jd. Novo Horizonte - Term. Est. Varginha,0.15384615384615385,2.46,13,20.0,,8.2,1,355030844A,True,0.3075,0.15384615384615385,0.14094728800611153,0.18070726332491038,cobertura_baixa_15.38%; headway_pico_alto_20.0min
6072-23,6072-23,Term. Varginha - Baln. São José,0.0,3.59,38,30.0,30.0,8.28,1,,True,0.44875,0.0,0.23032849503437738,0.15884854851031321,cobertura_baixa_0.00%; headway_pico_alto_30.0min
606Z-10,606Z-10,Circular - Baln. Mar Paulista,0.0,3.5,32,25.0,30.0,9.55,1,,True,0.4375,0.0,0.21122994652406418,0.15086898395721926,cobertura_baixa_0.00%; headway_pico_alto_25.0min
6072-21,6072-21,Jd. Iporã - Term. Varginha,0.0,3.11,5,45.0,,7.46,1,,True,0.38875,0.0,0.06608097784568373,0.09757429335370511,cobertura_baixa_0.00%; headway_pico_alto_45.0min
390E-41,390E-41,Etec Pq. Belém - Metrô Tatuapé,0.0,2.38,3,60.0,,7.93,1,,True,0.2975,0.0,0.01680672268907563,0.06454201680672268,cobertura_baixa_0.00%; headway_pico_alto_60.0min
8017-21,8017-21,Voith - Cptm Vl. Aurora,0.0,2.16,4,,,12.96,1,,True,0.27,0.0,0.03208556149732621,0.06362566844919787,cobertura_baixa_0.00%
390E-42,390E-42,Etec Pq. Belém - Metrô Belém,0.0,2.37,1,,,12.93,1,,True,0.29625,0.0,0.0038197097020626434,0.0603959129106188,cobertura_baixa_0.00%
